{
    "dataset": "/capstor/store/cscs/ethz/large-sc/datasets/train_data.parquet",
    "tokenizer_name_or_path": "unsloth/Mistral-Nemo-Base-2407-bnb-4bit",
    "sequence_length": 4096,
    "batch_size": 1,
    "fused_optimizer": false,
    "learning_rate": 5e-05,
    "lr_warmup_steps": 100,
    "training_steps": 1000,
    "logging_frequency": 5,
    "profile": false,
    "profile_step_start": 10,
    "profile_step_end": 12,
    "grad_max_norm": 1,
    "model_dtype": "bf16",
    "compile": true,
    "quantization": false,
    "quantization_torchao": true,
    "enable_fsdp_float8_all_gather": true,
    "force_recompute_fp8_weight_in_bwd": false,
    "quantize_optimizer": true,
    "train_steps": [
        1,
        5,
        10,
        15,
        20,
        25,
        30,
        35,
        40,
        45,
        50,
        55,
        60,
        65,
        70,
        75,
        80,
        85,
        90,
        95,
        100,
        105,
        110,
        115,
        120,
        125,
        130,
        135,
        140,
        145,
        150,
        155,
        160,
        165,
        170,
        175,
        180,
        185,
        190,
        195,
        200,
        205,
        210,
        215,
        220,
        225,
        230,
        235,
        240,
        245,
        250
    ],
    "losses": [
        11.783501625061035,
        11.783504486083984,
        11.78350830078125,
        11.78349781036377,
        11.78349781036377,
        11.783503532409668,
        11.783506393432617,
        11.783485412597656,
        11.7835054397583,
        11.783501625061035,
        11.783499717712402,
        11.783503532409668,
        11.78349781036377,
        11.783501625061035,
        11.783504486083984,
        11.783506393432617,
        11.783485412597656,
        11.783501625061035,
        11.783499717712402,
        11.78349781036377,
        11.783485412597656,
        11.7835111618042,
        11.783509254455566,
        11.783506393432617,
        11.783501625061035,
        11.783503532409668,
        11.783501625061035,
        11.783500671386719,
        11.783504486083984,
        11.783502578735352,
        11.78349781036377,
        11.783498764038086,
        11.783485412597656,
        11.783504486083984,
        11.783500671386719,
        11.783501625061035,
        11.783503532409668,
        11.783506393432617,
        11.783502578735352,
        11.783503532409668,
        11.783503532409668,
        11.783502578735352,
        11.783502578735352,
        11.7835054397583,
        11.783510208129883,
        11.78350830078125,
        11.783502578735352,
        11.783498764038086,
        11.7835054397583,
        11.783501625061035,
        11.783504486083984
    ],
    "tokens_per_second": [
        318.69642841762743,
        27260.65276324339,
        27807.732380069363,
        27883.355893617143,
        27927.814989431856,
        27874.22802055504,
        27853.202219320745,
        27900.98679552307,
        27863.437449397108,
        27880.068498759167,
        27870.662379418645,
        27905.025857279226,
        27914.53735402624,
        27932.42805307695,
        27945.144034939523,
        27885.472811819654,
        27845.41692507323,
        27870.043998612553,
        27862.913086606393,
        27914.39907006654,
        27894.561196777187,
        27941.152685424553,
        27899.99367890475,
        27899.79688415856,
        27886.70567374777,
        27918.778124528482,
        24947.395970184658,
        27827.272338193157,
        27826.43630793667,
        27880.7974337528,
        27931.64715966894,
        27936.830040752244,
        27914.152514317175,
        27894.59309344851,
        27943.483671598657,
        27945.48740193619,
        27912.888844396573,
        27911.98043520585,
        27926.885378290088,
        27928.584785762094,
        27851.436153875187,
        27865.332892218998,
        27935.515846560833,
        27908.34248297781,
        27906.071673085546,
        27886.82244703104,
        27907.697633394975,
        27939.573852430633,
        27905.85932490613,
        27903.950084977572,
        27936.354585773635
    ],
    "training_tokens_per_second": [
        14.08302116394043,
        11585.4443359375,
        3864.29736328125,
        7271.728515625,
        4232.8095703125,
        2387.275146484375,
        4780.46923828125,
        7025.65380859375,
        4613.52099609375,
        2620.56298828125,
        2802.035888671875,
        6526.615234375,
        7576.99755859375,
        4525.380859375,
        3303.47607421875,
        5086.92041015625,
        9138.13671875,
        4979.32080078125,
        5041.98974609375,
        2674.22119140625,
        14609.2314453125,
        8084.92529296875,
        3172.806884765625,
        3345.7958984375,
        2076.52490234375,
        3936.98388671875,
        6201.52294921875,
        2212.05078125,
        6247.36083984375,
        3908.48486328125,
        3536.462890625,
        12381.962890625,
        14911.1728515625,
        5811.8271484375,
        5293.98046875,
        14301.59375,
        5036.041015625,
        3681.1650390625,
        3530.40576171875,
        3675.172607421875,
        4879.44140625,
        9439.92578125,
        3055.447021484375,
        4034.990478515625,
        5113.84228515625,
        6424.31787109375,
        7441.59814453125,
        6620.64208984375,
        2954.0966796875,
        9899.9072265625,
        3764.8603515625
    ],
    "mfus": [
        0.41521733941585415,
        35.51685774231696,
        36.22962676854982,
        36.32815374059182,
        36.38607778940742,
        36.31626138526739,
        36.28886767617897,
        36.3511243657012,
        36.30220276443746,
        36.32387072005935,
        36.31161584834274,
        36.35638670417313,
        36.36877886806642,
        36.392087972900164,
        36.408655137406065,
        36.330911792033355,
        36.278724515240285,
        36.31081018373481,
        36.3015195922917,
        36.3685987032051,
        36.3427526998226,
        36.40345496138115,
        36.349830472192465,
        36.349574075874095,
        36.33251804050059,
        36.374304005118496,
        32.50300429008802,
        36.25508462970234,
        36.2539953979827,
        36.32482042147322,
        36.39107057686328,
        36.397823153616656,
        36.368277475186396,
        36.34279425677091,
        36.406491913763176,
        36.40910249708156,
        36.3666310881687,
        36.36544755671481,
        36.38486663474563,
        36.38708072748778,
        36.28656673732257,
        36.3046722641097,
        36.39611094046654,
        36.36070780844543,
        36.3577492574304,
        36.332670179927554,
        36.35986765868462,
        36.40139796049672,
        36.35747259714109,
        36.35498512174835,
        36.397203701581354
    ],