{
    "dataset": "/capstor/store/cscs/ethz/large-sc/datasets/train_data.parquet",
    "tokenizer_name_or_path": "unsloth/Mistral-Nemo-Base-2407-bnb-4bit",
    "sequence_length": 4096,
    "batch_size": 1,
    "fused_optimizer": true,
    "learning_rate": 5e-05,
    "lr_warmup_steps": 100,
    "training_steps": 1000,
    "logging_frequency": 5,
    "profile": false,
    "profile_step_start": 10,
    "profile_step_end": 12,
    "grad_max_norm": 1,
    "model_dtype": "bf16",
    "compile": true,
    "quantization": false,
    "quantization_torchao": false,
    "enable_fsdp_float8_all_gather": false,
    "force_recompute_fp8_weight_in_bwd": false,
    "quantize_optimizer": false,
    "train_steps": [
        1,
        5,
        10,
        15,
        20,
        25,
        30,
        35,
        40,
        45,
        50,
        55,
        60,
        65,
        70,
        75,
        80,
        85,
        90,
        95,
        100,
        105,
        110,
        115,
        120,
        125,
        130,
        135,
        140,
        145,
        150,
        155,
        160,
        165,
        170,
        175,
        180,
        185,
        190,
        195,
        200,
        205,
        210,
        215,
        220,
        225,
        230,
        235,
        240,
        245,
        250
    ],
    "losses": [
        11.783501625061035,
        11.783504486083984,
        11.78350830078125,
        11.78349781036377,
        11.78349781036377,
        11.783503532409668,
        11.783506393432617,
        11.783485412597656,
        11.7835054397583,
        11.783501625061035,
        11.783499717712402,
        11.783503532409668,
        11.78349781036377,
        11.783501625061035,
        11.783504486083984,
        11.783506393432617,
        11.783485412597656,
        11.783501625061035,
        11.783499717712402,
        11.78349781036377,
        11.783485412597656,
        11.7835111618042,
        11.783509254455566,
        11.783506393432617,
        11.783501625061035,
        11.783503532409668,
        11.783501625061035,
        11.783500671386719,
        11.783504486083984,
        11.783502578735352,
        11.78349781036377,
        11.783498764038086,
        11.783485412597656,
        11.783504486083984,
        11.783500671386719,
        11.783501625061035,
        11.783503532409668,
        11.783506393432617,
        11.783502578735352,
        11.783503532409668,
        11.783503532409668,
        11.783502578735352,
        11.783502578735352,
        11.7835054397583,
        11.783510208129883,
        11.78350830078125,
        11.783502578735352,
        11.783498764038086,
        11.7835054397583,
        11.783501625061035,
        11.783504486083984
    ],
    "tokens_per_second": [
        2047.2174250121134,
        14573.635874101652,
        36158.92864371656,
        36179.09829421974,
        36191.60916778916,
        33509.47941059265,
        36167.06504234648,
        36160.80573553087,
        33480.574923148,
        36176.715491596035,
        36191.24810569913,
        36186.315659639185,
        36181.457153765245,
        36172.48515700158,
        36143.30100623491,
        36151.99456671394,
        36157.33285737452,
        36157.792466186096,
        36189.420654999056,
        36172.94668144846,
        36184.15166426407,
        36150.5478198892,
        36150.157840346554,
        36162.08527646773,
        36177.59125403354,
        36170.95755206166,
        36168.76475061818,
        36153.375580643966,
        36171.445118057156,
        36171.282066558764,
        35774.47407971057,
        36180.753542241146,
        36173.98427958704,
        36172.99370365701,
        36170.27039921824,
        36159.44504797207,
        36174.85673163277,
        36178.77932567636,
        36185.75088875575,
        36183.66215557245,
        36175.282548857824,
        36169.55010582841,
        36184.72747671594,
        36201.842858392185,
        36163.12164572954,
        36179.52938808039,
        36177.26703921979,
        36178.81358251784,
        36162.04892906847,
        36148.03842491841,
        36180.473791786324
    ],
    "training_tokens_per_second": [
        90.46541595458984,
        6193.61767578125,
        5024.81982421875,
        9435.18359375,
        5485.291015625,
        2869.903564453125,
        6207.38427734375,
        9105.53125,
        5543.58544921875,
        3400.399169921875,
        3638.5634765625,
        8463.498046875,
        9820.93359375,
        5860.36669921875,
        4272.60400390625,
        6594.91455078125,
        11865.890625,
        6460.02734375,
        6548.73046875,
        3465.396484375,
        18950.7421875,
        10460.3583984375,
        4111.021484375,
        4336.625,
        2693.887939453125,
        5100.67041015625,
        8990.9755859375,
        2873.910888671875,
        8120.91357421875,
        5070.69091796875,
        4529.4541015625,
        16035.775390625,
        19323.40625,
        7536.62890625,
        6852.57080078125,
        18505.23046875,
        6526.66455078125,
        4771.4296875,
        4574.45849609375,
        4761.47314453125,
        6337.73974609375,
        12253.1416015625,
        3957.704345703125,
        5234.0654296875,
        6626.96240234375,
        8334.7177734375,
        9646.6826171875,
        8573.0361328125,
        3828.091796875,
        12824.7880859375,
        4875.88427734375
    ],
    "mfus": [
        2.6672409748671315,
        18.987430588115227,
        47.11007971478503,
        47.13635797795998,
        47.1526579147464,
        43.658214041369035,
        47.12068031614199,
        47.11252530563412,
        43.62055549453957,
        47.1332535159154,
        47.15218750081321,
        47.14576120623566,
        47.139431245487344,
        47.12774197540687,
        47.08971906597355,
        47.101045572110046,
        47.108000626034304,
        47.10859943270705,
        47.149806585465754,
        47.128343277887296,
        47.1429418197536,
        47.099160661223664,
        47.09865257185181,
        47.11419237038949,
        47.134394513168075,
        47.12575171758698,
        47.122894800784515,
        47.102844842131894,
        47.12638694860115,
        47.126174515064676,
        46.60918862546393,
        47.138514537049566,
        47.1296951246608,
        47.12840454131727,
        47.124856452532285,
        47.11075251806086,
        47.13083180893113,
        47.13594240609244,
        47.145025387937466,
        47.14230405767523,
        47.13138658984331,
        47.12391800993219,
        47.143692023687336,
        47.1659909972842,
        47.11554261610664,
        47.13691963359807,
        47.1339721061363,
        47.13598703801582,
        47.11414501475865,
        47.0958912668709,
        47.13815006092372
    ],