{
    "dataset": "/capstor/store/cscs/ethz/large-sc/datasets/train_data.parquet",
    "tokenizer_name_or_path": "unsloth/Mistral-Nemo-Base-2407-bnb-4bit",
    "sequence_length": 4096,
    "batch_size": 1,
    "fused_optimizer": false,
    "learning_rate": 5e-05,
    "lr_warmup_steps": 100,
    "training_steps": 1000,
    "logging_frequency": 5,
    "profile": false,
    "profile_step_start": 10,
    "profile_step_end": 12,
    "grad_max_norm": 1,
    "model_dtype": "bf16",
    "compile": false,
    "quantization": false,
    "quantization_torchao": true,
    "enable_fsdp_float8_all_gather": false,
    "force_recompute_fp8_weight_in_bwd": false,
    "quantize_optimizer": true,
    "train_steps": [
        1,
        5,
        10,
        15,
        20,
        25,
        30,
        35,
        40,
        45,
        50,
        55,
        60,
        65,
        70,
        75,
        80,
        85,
        90,
        95,
        100,
        105,
        110,
        115,
        120,
        125,
        130,
        135,
        140,
        145,
        150,
        155,
        160,
        165,
        170,
        175,
        180,
        185,
        190,
        195,
        200,
        205,
        210,
        215,
        220,
        225,
        230,
        235,
        240,
        245,
        250
    ],
    "losses": [
        11.783501625061035,
        11.783504486083984,
        11.78350830078125,
        11.78349781036377,
        11.78349781036377,
        11.783503532409668,
        11.783506393432617,
        11.783485412597656,
        11.7835054397583,
        11.783501625061035,
        11.783499717712402,
        11.783503532409668,
        11.78349781036377,
        11.783501625061035,
        11.783504486083984,
        11.783506393432617,
        11.783485412597656,
        11.783501625061035,
        11.783499717712402,
        11.78349781036377,
        11.783485412597656,
        11.7835111618042,
        11.783509254455566,
        11.783506393432617,
        11.783501625061035,
        11.783503532409668,
        11.783501625061035,
        11.783500671386719,
        11.783504486083984,
        11.783502578735352,
        11.78349781036377,
        11.783498764038086,
        11.783485412597656,
        11.783504486083984,
        11.783500671386719,
        11.783501625061035,
        11.783503532409668,
        11.783506393432617,
        11.783502578735352,
        11.783503532409668,
        11.783503532409668,
        11.783502578735352,
        11.783502578735352,
        11.7835054397583,
        11.783510208129883,
        11.78350830078125,
        11.783502578735352,
        11.783498764038086,
        11.7835054397583,
        11.783501625061035,
        11.783504486083984
    ],
    "tokens_per_second": [
        396.0288023785266,
        8213.885847591815,
        8844.641942758673,
        9021.470737955344,
        8832.79848786929,
        8839.364344695367,
        8771.44263270124,
        8743.625780680151,
        8975.23581607182,
        9009.381662330416,
        8835.781935525354,
        8771.232423218182,
        8862.701071873344,
        8845.250870556767,
        8841.599308139104,
        8778.869124270592,
        8760.065592426716,
        8820.280973650315,
        8791.073408960432,
        8801.456794786021,
        8753.521998866072,
        8777.40628771579,
        8799.245491703416,
        8752.811433028852,
        8769.750893266808,
        8776.094914650668,
        8924.303134439891,
        8813.514899490157,
        8788.02648709313,
        8962.095470174023,
        8853.434214520283,
        8844.999998900797,
        8850.493582779798,
        8833.805955449217,
        8855.083092065252,
        8834.698562871126,
        8864.452696744067,
        8820.942841215428,
        8777.51592291268,
        8718.71514394558,
        8788.762857485099,
        8826.603073507444,
        8878.770388385123,
        8806.218160431335,
        8804.22165455516,
        8787.639862107835,
        8819.135769835428,
        8793.929124251701,
        8755.90323580531,
        8788.785322219263,
        8768.882192730158
    ],
    "training_tokens_per_second": [
        17.500295639038086,
        3490.80126953125,
        1229.09423828125,
        2352.718505859375,
        1338.7210693359375,
        757.0432739257812,
        1505.4503173828125,
        2201.703125,
        1486.085205078125,
        846.8291015625,
        888.3240356445312,
        2051.474853515625,
        2405.652099609375,
        1433.0343017578125,
        1045.1910400390625,
        1601.457763671875,
        2874.82421875,
        1575.8499755859375,
        1590.8065185546875,
        843.1864013671875,
        4584.486328125,
        2539.79052734375,
        1000.6564331054688,
        1049.653564453125,
        653.0210571289062,
        1237.5665283203125,
        2218.43896484375,
        700.6055908203125,
        1973.014892578125,
        1256.356201171875,
        1120.945068359375,
        3920.2177734375,
        4727.75390625,
        1840.52001953125,
        1677.6231689453125,
        4521.31201171875,
        1599.3238525390625,
        1163.3480224609375,
        1109.61865234375,
        1147.3114013671875,
        1539.75,
        2990.184326171875,
        971.1155395507812,
        1273.2037353515625,
        1613.3907470703125,
        2024.418212890625,
        2351.6259765625,
        2083.8349609375,
        926.8944702148438,
        3118.130615234375,
        1181.743896484375
    ],
    "mfus": [
        0.5159707200740116,
        10.701556477543413,
        11.52334437443291,
        11.753727821898027,
        11.50791399181746,
        11.516468394563185,
        11.427975804034954,
        11.391734295636292,
        11.693490117484785,
        11.737977429457475,
        11.511801011211395,
        11.427701930171011,
        11.54687292032968,
        11.524137723079697,
        11.51938024261686,
        11.437651494741408,
        11.413153095112014,
        11.491605403183726,
        11.453551988648885,
        11.467080103344227,
        11.404627698319965,
        11.43574562116353,
        11.464199081466573,
        11.403701929374655,
        11.425771701684521,
        11.434037083550527,
        11.62713188227792,
        11.482790144961287,
        11.449582271142383,
        11.67637006537194,
        11.534799487709211,
        11.523810872031996,
        11.530968251527657,
        11.509226582643038,
        11.536947746949654,
        11.510389526579084,
        11.5491550451156,
        11.492467725020203,
        11.435888460651833,
        11.359279183542819,
        11.450541659851242,
        11.499842224334287,
        11.567809015790118,
        11.473283503818621,
        11.470682332973531,
        11.449078552294504,
        11.490113361106358,
        11.457272590449342,
        11.407730120494378,
        11.450570928290793,
        11.424639905111313
    ],