{
    "dataset": "/capstor/store/cscs/ethz/large-sc/datasets/train_data.parquet",
    "tokenizer_name_or_path": "unsloth/Mistral-Nemo-Base-2407-bnb-4bit",
    "sequence_length": 4096,
    "batch_size": 1,
    "fused_optimizer": false,
    "learning_rate": 5e-05,
    "lr_warmup_steps": 100,
    "training_steps": 1000,
    "logging_frequency": 5,
    "profile": false,
    "profile_step_start": 10,
    "profile_step_end": 12,
    "grad_max_norm": 1,
    "model_dtype": "bf16",
    "compile": false,
    "quantization": false,
    "quantization_torchao": true,
    "enable_fsdp_float8_all_gather": true,
    "force_recompute_fp8_weight_in_bwd": false,
    "quantize_optimizer": false,
    "train_steps": [
        1,
        5,
        10,
        15,
        20,
        25,
        30,
        35,
        40,
        45,
        50,
        55,
        60,
        65,
        70,
        75,
        80,
        85,
        90,
        95,
        100,
        105,
        110,
        115,
        120,
        125,
        130,
        135,
        140,
        145,
        150,
        155,
        160,
        165,
        170,
        175,
        180,
        185,
        190,
        195,
        200,
        205,
        210,
        215,
        220,
        225,
        230,
        235,
        240,
        245,
        250
    ],
    "losses": [
        11.783501625061035,
        11.783504486083984,
        11.78350830078125,
        11.78349781036377,
        11.78349781036377,
        11.783503532409668,
        11.783506393432617,
        11.783485412597656,
        11.7835054397583,
        11.783501625061035,
        11.783499717712402,
        11.783503532409668,
        11.78349781036377,
        11.783501625061035,
        11.783504486083984,
        11.783506393432617,
        11.783485412597656,
        11.783501625061035,
        11.783499717712402,
        11.78349781036377,
        11.783485412597656,
        11.7835111618042,
        11.783509254455566,
        11.783506393432617,
        11.783501625061035,
        11.783503532409668,
        11.783501625061035,
        11.783500671386719,
        11.783504486083984,
        11.783502578735352,
        11.78349781036377,
        11.783498764038086,
        11.783485412597656,
        11.783504486083984,
        11.783500671386719,
        11.783501625061035,
        11.783503532409668,
        11.783506393432617,
        11.783502578735352,
        11.783503532409668,
        11.783503532409668,
        11.783502578735352,
        11.783502578735352,
        11.7835054397583,
        11.783510208129883,
        11.78350830078125,
        11.783502578735352,
        11.783498764038086,
        11.7835054397583,
        11.783501625061035,
        11.783504486083984
    ],
    "tokens_per_second": [
        6039.110323182689,
        12581.713959172152,
        15270.643219353973,
        15501.373753199134,
        15518.916174971793,
        15604.602576529567,
        15509.303456224787,
        15563.792472831585,
        15677.040908870651,
        15682.225124174722,
        15513.114270143507,
        15587.653624502298,
        15710.87414571928,
        15717.36848997723,
        15636.104223472807,
        15607.822969643315,
        15675.167265530376,
        15692.666735677603,
        15682.930622719468,
        14890.415757206789,
        15800.898251124283,
        15790.18221767826,
        15696.004734348187,
        15643.131466501882,
        15716.17240008587,
        15728.800368510094,
        15736.91528184351,
        15597.226703884864,
        15653.091322969662,
        15738.0965292807,
        15752.344731239944,
        15652.533080695977,
        15618.21303266028,
        15720.119263590352,
        15775.742687441098,
        15716.78392824633,
        15660.913114960767,
        15698.942896081977,
        15787.138298790933,
        15760.90963260019,
        15651.312907247937,
        15617.191326951668,
        15152.731224663068,
        15760.765405682994,
        15665.506036733435,
        15642.876861045885,
        15730.023024919494,
        15753.288790217863,
        15698.44171008645,
        15678.67284239981,
        15748.656081181774
    ],
    "training_tokens_per_second": [
        266.864990234375,
        5347.07470703125,
        2122.08251953125,
        4042.619140625,
        2352.0859375,
        1336.448974609375,
        2661.875,
        3919.066162109375,
        2595.744384765625,
        1474.0372314453125,
        1559.6436767578125,
        3645.745361328125,
        4264.48974609375,
        2546.397705078125,
        1848.3890380859375,
        2847.208251953125,
        5144.1796875,
        2803.68505859375,
        2837.9365234375,
        1426.513427734375,
        8275.412109375,
        4568.9755859375,
        1784.960693359375,
        1875.9537353515625,
        1170.2716064453125,
        2218.006591796875,
        3911.945068359375,
        1239.857666015625,
        3514.302490234375,
        2206.253662109375,
        1994.42529296875,
        6937.404296875,
        8342.9326171875,
        3275.28076171875,
        2988.763671875,
        8043.3408203125,
        2825.54052734375,
        2070.451416015625,
        1995.7471923828125,
        2074.00634765625,
        2742.03662109375,
        5290.62841796875,
        1657.3299560546875,
        2278.692626953125,
        2870.734619140625,
        3603.666748046875,
        4194.4169921875,
        3732.94482421875,
        1661.8272705078125,
        5562.56005859375,
        2122.37744140625
    ],
    "mfus": [
        7.868124952893386,
        16.39223201012133,
        19.89553469485384,
        20.196144647908113,
        20.218999995649288,
        20.330637518089024,
        20.206475953498884,
        20.277467600989873,
        20.425014639840043,
        20.43176895489843,
        20.21144091662758,
        20.308555379291324,
        20.46909466501593,
        20.477555896782555,
        20.371679804304573,
        20.334833244621645,
        20.42257354187536,
        20.445372929592995,
        20.432688121862952,
        19.400150934234127,
        20.586383615240926,
        20.572422106733782,
        20.449721879889847,
        20.380835329418076,
        20.475997557190055,
        20.492450052366628,
        20.503022661355757,
        20.32102777683585,
        20.393811643975628,
        20.50456166328464,
        20.523125098520957,
        20.39308433155239,
        20.34837005877324,
        20.48113977410006,
        20.5536093972307,
        20.476794293749116,
        20.40400235642301,
        20.453549897994524,
        20.56845630169458,
        20.534283979631798,
        20.39149461441864,
        20.347038917636514,
        19.74191168450552,
        20.534096071919343,
        20.409986297843567,
        20.38050361374569,
        20.494043004455396,
        20.524355076713714,
        20.452896922005277,
        20.427140823372902,
        20.51831929799538
    ],