{
    "dataset": "/capstor/store/cscs/ethz/large-sc/datasets/train_data.parquet",
    "tokenizer_name_or_path": "unsloth/Mistral-Nemo-Base-2407-bnb-4bit",
    "sequence_length": 4096,
    "batch_size": 1,
    "fused_optimizer": false,
    "learning_rate": 5e-05,
    "lr_warmup_steps": 100,
    "training_steps": 1000,
    "logging_frequency": 5,
    "profile": false,
    "profile_step_start": 10,
    "profile_step_end": 12,
    "grad_max_norm": 1,
    "model_dtype": "bf16",
    "compile": false,
    "quantization": false,
    "quantization_torchao": true,
    "enable_fsdp_float8_all_gather": false,
    "force_recompute_fp8_weight_in_bwd": true,
    "quantize_optimizer": false,
    "train_steps": [
        1,
        5,
        10,
        15,
        20,
        25,
        30,
        35,
        40,
        45,
        50,
        55,
        60,
        65,
        70,
        75,
        80,
        85,
        90,
        95,
        100,
        105,
        110,
        115,
        120,
        125,
        130,
        135,
        140,
        145,
        150,
        155,
        160,
        165,
        170,
        175,
        180,
        185,
        190,
        195,
        200,
        205,
        210,
        215,
        220,
        225,
        230,
        235,
        240,
        245,
        250
    ],
    "losses": [
        11.783501625061035,
        11.783504486083984,
        11.78350830078125,
        11.78349781036377,
        11.78349781036377,
        11.783503532409668,
        11.783506393432617,
        11.783485412597656,
        11.7835054397583,
        11.783501625061035,
        11.783499717712402,
        11.783503532409668,
        11.78349781036377,
        11.783501625061035,
        11.783504486083984,
        11.783506393432617,
        11.783485412597656,
        11.783501625061035,
        11.783499717712402,
        11.78349781036377,
        11.783485412597656,
        11.7835111618042,
        11.783509254455566,
        11.783506393432617,
        11.783501625061035,
        11.783503532409668,
        11.783501625061035,
        11.783500671386719,
        11.783504486083984,
        11.783502578735352,
        11.78349781036377,
        11.783498764038086,
        11.783485412597656,
        11.783504486083984,
        11.783500671386719,
        11.783501625061035,
        11.783503532409668,
        11.783506393432617,
        11.783502578735352,
        11.783503532409668,
        11.783503532409668,
        11.783502578735352,
        11.783502578735352,
        11.7835054397583,
        11.783510208129883,
        11.78350830078125,
        11.783502578735352,
        11.783498764038086,
        11.7835054397583,
        11.783501625061035,
        11.783504486083984
    ],
    "tokens_per_second": [
        4865.217495063113,
        9027.381494515997,
        7970.479819553549,
        8797.231261871702,
        8886.9741153319,
        8725.524038048881,
        7794.415169946794,
        8670.22749835863,
        8738.139804692293,
        8800.70333951791,
        7977.11618461341,
        8877.875583727804,
        8750.118726014984,
        8655.324806280276,
        7961.615184884173,
        8678.99634086455,
        8879.169799388848,
        8971.004622464652,
        7816.4574998185,
        8820.197419231094,
        8554.897750529703,
        8770.82412867963,
        7808.74464211332,
        8626.869421899017,
        8904.563524679355,
        8755.70292848164,
        7808.07831271307,
        8495.994647585385,
        8685.800824634938,
        8795.952449144186,
        7975.883437296212,
        8655.853930609532,
        8709.49982192981,
        8996.566259199242,
        7679.9633959283365,
        8621.987462727904,
        8874.27766315247,
        8781.839669845978,
        7797.3930766416715,
        8810.706459942461,
        8890.22194078212,
        8564.447550184403,
        7779.0418526301555,
        8646.359636354557,
        8727.42330751126,
        8992.102159653718,
        7888.466350123127,
        8631.880162482144,
        8582.747890915465,
        8763.219477892526,
        7792.578502354401
    ],
    "training_tokens_per_second": [
        214.99130249023438,
        3836.527099609375,
        1107.616455078125,
        2294.239013671875,
        1346.9320068359375,
        747.2933959960938,
        1337.76220703125,
        2183.220947265625,
        1446.82763671875,
        827.2145385742188,
        801.9962158203125,
        2076.4169921875,
        2375.09326171875,
        1402.2640380859375,
        941.16552734375,
        1583.2388916015625,
        2913.9111328125,
        1602.7786865234375,
        1414.4429931640625,
        844.9818115234375,
        4480.4609375,
        2537.885986328125,
        888.0159301757812,
        1034.5504150390625,
        663.0595092773438,
        1234.69091796875,
        1940.963134765625,
        675.3651733398438,
        1950.0640869140625,
        1233.0654296875,
        1009.837158203125,
        3836.38623046875,
        4652.4375,
        1874.4310302734375,
        1454.9930419921875,
        4412.45361328125,
        1601.0965576171875,
        1158.19091796875,
        985.71533203125,
        1159.4166259765625,
        1557.5252685546875,
        2901.3740234375,
        850.8327026367188,
        1250.0914306640625,
        1599.3172607421875,
        2071.520263671875,
        2103.462646484375,
        2045.435302734375,
        908.5643920898438,
        3109.06005859375,
        1050.1717529296875
    ],
    "mfus": [
        6.338705061772313,
        11.761428719662192,
        10.384432109813162,
        11.46157481876037,
        11.578497336625867,
        11.368150230224998,
        10.15504423829581,
        11.29610649191551,
        11.384586828169876,
        11.466098455406257,
        10.39307837502934,
        11.566643209160425,
        11.400193704799701,
        11.276690346633831,
        10.37288271768289,
        11.307531080114199,
        11.568329393050458,
        11.687977457801573,
        10.183762343513678,
        11.49149654333921,
        11.145847791851644,
        11.42716997889425,
        10.17371355736462,
        11.239616918941197,
        11.601413902674032,
        11.407469147773682,
        10.172845422374465,
        11.069105200761706,
        11.316396380742972,
        11.459908702760995,
        10.391472275884267,
        11.277379722405328,
        11.347272894334475,
        11.721280732798249,
        10.005929416597546,
        11.23325640179254,
        11.56195561659424,
        11.441521704509839,
        10.158924038584173,
        11.479131136911857,
        11.582728803696341,
        11.158289859132621,
        10.13501493346204,
        11.265009970978383,
        11.370624715480195,
        11.715464628910974,
        10.27757990961047,
        11.246145220446676,
        11.18213267038245,
        11.41726217138387,
        10.15265131461326
    ],