{
    "dataset": "/capstor/store/cscs/ethz/large-sc/datasets/train_data.parquet",
    "tokenizer_name_or_path": "unsloth/Mistral-Nemo-Base-2407-bnb-4bit",
    "sequence_length": 4096,
    "batch_size": 1,
    "fused_optimizer": false,
    "learning_rate": 5e-05,
    "lr_warmup_steps": 100,
    "training_steps": 1000,
    "logging_frequency": 5,
    "profile": false,
    "profile_step_start": 10,
    "profile_step_end": 12,
    "grad_max_norm": 1,
    "model_dtype": "bf16",
    "compile": false,
    "quantization": false,
    "quantization_torchao": true,
    "enable_fsdp_float8_all_gather": true,
    "force_recompute_fp8_weight_in_bwd": true,
    "quantize_optimizer": true,
    "train_steps": [
        1,
        5,
        10,
        15,
        20,
        25,
        30,
        35,
        40,
        45,
        50,
        55,
        60,
        65,
        70,
        75,
        80,
        85,
        90,
        95,
        100,
        105,
        110,
        115,
        120,
        125,
        130,
        135,
        140,
        145,
        150,
        155,
        160,
        165,
        170,
        175,
        180,
        185,
        190,
        195,
        200,
        205,
        210,
        215,
        220,
        225,
        230,
        235,
        240,
        245,
        250
    ],
    "losses": [
        11.783501625061035,
        11.783504486083984,
        11.78350830078125,
        11.78349781036377,
        11.78349781036377,
        11.783503532409668,
        11.783506393432617,
        11.783485412597656,
        11.7835054397583,
        11.783501625061035,
        11.783499717712402,
        11.783503532409668,
        11.78349781036377,
        11.783501625061035,
        11.783504486083984,
        11.783506393432617,
        11.783485412597656,
        11.783501625061035,
        11.783499717712402,
        11.78349781036377,
        11.783485412597656,
        11.7835111618042,
        11.783509254455566,
        11.783506393432617,
        11.783501625061035,
        11.783503532409668,
        11.783501625061035,
        11.783500671386719,
        11.783504486083984,
        11.783502578735352,
        11.78349781036377,
        11.783498764038086,
        11.783485412597656,
        11.783504486083984,
        11.783500671386719,
        11.783501625061035,
        11.783503532409668,
        11.783506393432617,
        11.783502578735352,
        11.783503532409668,
        11.783503532409668,
        11.783502578735352,
        11.783502578735352,
        11.7835054397583,
        11.783510208129883,
        11.78350830078125,
        11.783502578735352,
        11.783498764038086,
        11.7835054397583,
        11.783501625061035,
        11.783504486083984
    ],
    "tokens_per_second": [
        386.22524552949676,
        10903.32822014802,
        14560.758704480528,
        13775.221618501635,
        13779.47624894226,
        12803.940378794005,
        13808.175085919296,
        13826.851710695177,
        13765.99603894144,
        13821.694162052354,
        13826.44196073215,
        13842.179126293517,
        13990.680035765587,
        13862.084360814462,
        12795.925037747787,
        13788.80294226661,
        13849.310927528022,
        13835.285103890741,
        13848.606333965985,
        13846.153652984924,
        13864.33487680766,
        13888.134686242642,
        13899.191352604248,
        13871.50645834563,
        12835.872291931995,
        13878.430540419551,
        13901.82153729622,
        13901.215529325138,
        13914.88469533082,
        13870.300073264842,
        13887.376942873625,
        13843.140417637185,
        13987.91541098009,
        12430.537595960575,
        13875.479111029097,
        13859.622811938229,
        13856.464134638925,
        13841.31117215626,
        13895.214296840584,
        13863.528459520072,
        13871.565076929906,
        13825.280207277574,
        13820.568528533813,
        12611.706830683881,
        13824.282360833979,
        13843.61860576222,
        13853.12343972333,
        13814.216065289036,
        13833.219089545064,
        13801.98952018032,
        13798.572498768723
    ],
    "training_tokens_per_second": [
        17.06708335876465,
        4633.78173828125,
        2023.43359375,
        3592.453857421875,
        2088.451904296875,
        1096.5875244140625,
        2369.908935546875,
        3481.693115234375,
        2279.32080078125,
        1299.158203125,
        1390.0704345703125,
        3237.501953125,
        3797.56787109375,
        2245.820068359375,
        1512.643310546875,
        2515.379150390625,
        4544.9814453125,
        2471.841064453125,
        2506.002685546875,
        1326.472412109375,
        7261.1748046875,
        4018.607666015625,
        1580.6258544921875,
        1663.4970703125,
        955.796142578125,
        1957.0755615234375,
        3455.77001953125,
        1105.0380859375,
        3124.0546875,
        1944.4156494140625,
        1758.2991943359375,
        6135.45849609375,
        7472.06005859375,
        2589.897705078125,
        2628.7529296875,
        7092.90576171875,
        2499.982177734375,
        1825.4581298828125,
        1756.57763671875,
        1824.32666015625,
        2430.233154296875,
        4683.58349609375,
        1511.6246337890625,
        1823.401611328125,
        2533.32666015625,
        3189.16943359375,
        3693.940673828125,
        3273.45654296875,
        1464.3759765625,
        4896.7412109375,
        1859.5733642578125
    ],
    "mfus": [
        0.5031980422882033,
        14.20552767668624,
        18.970653418267926,
        17.947207311663874,
        17.952750506297477,
        16.681762279291405,
        17.99014111902916,
        18.01447417631259,
        17.935187658294762,
        18.00775460422321,
        18.013940328819164,
        18.034443677560102,
        18.227919810436703,
        18.06037744330474,
        16.67131939921193,
        17.96490189690738,
        18.04373542754468,
        18.025461720485257,
        18.042817439647383,
        18.039621935774157,
        18.063309554177923,
        18.094317412035835,
        18.108722718089215,
        18.072653132392418,
        16.723365142810916,
        18.08167425305858,
        18.112149484731674,
        18.111359940215387,
        18.129168971741386,
        18.07108137959292,
        18.093330177295847,
        18.035696107140513,
        18.22431788695856,
        16.195270131298454,
        18.077828949033485,
        18.057170385791398,
        18.053055066423678,
        18.033312853442002,
        18.103541164844025,
        18.062258904058393,
        18.072729504295058,
        18.01242672485171,
        18.006288059533496,
        16.43130857076048,
        18.011126669035235,
        18.036319120087356,
        18.048702603292725,
        17.998011679091046,
        18.02276998972421,
        17.982082182938562,
        17.977630276946723
    ],