{
    "dataset": "/capstor/store/cscs/ethz/large-sc/datasets/train_data.parquet",
    "tokenizer_name_or_path": "unsloth/Mistral-Nemo-Base-2407-bnb-4bit",
    "sequence_length": 4096,
    "batch_size": 1,
    "fused_optimizer": false,
    "learning_rate": 5e-05,
    "lr_warmup_steps": 100,
    "training_steps": 1000,
    "logging_frequency": 5,
    "profile": false,
    "profile_step_start": 10,
    "profile_step_end": 12,
    "grad_max_norm": 1,
    "model_dtype": "bf16",
    "compile": false,
    "quantization": false,
    "quantization_torchao": true,
    "enable_fsdp_float8_all_gather": false,
    "force_recompute_fp8_weight_in_bwd": true,
    "quantize_optimizer": true,
    "train_steps": [
        1,
        5,
        10,
        15,
        20,
        25,
        30,
        35,
        40,
        45,
        50,
        55,
        60,
        65,
        70,
        75,
        80,
        85,
        90,
        95,
        100,
        105,
        110,
        115,
        120,
        125,
        130,
        135,
        140,
        145,
        150,
        155,
        160,
        165,
        170,
        175,
        180,
        185,
        190,
        195,
        200,
        205,
        210,
        215,
        220,
        225,
        230,
        235,
        240,
        245,
        250
    ],
    "losses": [
        11.783501625061035,
        11.783504486083984,
        11.78350830078125,
        11.78349781036377,
        11.78349781036377,
        11.783503532409668,
        11.783506393432617,
        11.783485412597656,
        11.7835054397583,
        11.783501625061035,
        11.783499717712402,
        11.783503532409668,
        11.78349781036377,
        11.783501625061035,
        11.783504486083984,
        11.783506393432617,
        11.783485412597656,
        11.783501625061035,
        11.783499717712402,
        11.78349781036377,
        11.783485412597656,
        11.7835111618042,
        11.783509254455566,
        11.783506393432617,
        11.783501625061035,
        11.783503532409668,
        11.783501625061035,
        11.783500671386719,
        11.783504486083984,
        11.783502578735352,
        11.78349781036377,
        11.783498764038086,
        11.783485412597656,
        11.783504486083984,
        11.783500671386719,
        11.783501625061035,
        11.783503532409668,
        11.783506393432617,
        11.783502578735352,
        11.783503532409668,
        11.783503532409668,
        11.783502578735352,
        11.783502578735352,
        11.7835054397583,
        11.783510208129883,
        11.78350830078125,
        11.783502578735352,
        11.783498764038086,
        11.7835054397583,
        11.783501625061035,
        11.783504486083984
    ],
    "tokens_per_second": [
        391.49486372064223,
        7568.562489832676,
        8197.068131608794,
        8406.18483592563,
        8341.368648992637,
        8446.32020747467,
        8374.525721714057,
        8185.934131926216,
        8479.802797393917,
        8272.62406844522,
        8240.992489334485,
        8317.671396912665,
        8248.091175347428,
        8238.328672121874,
        8519.709318782536,
        8257.912697024442,
        8393.914091669281,
        8304.427796665157,
        8394.195955661753,
        8224.50311701188,
        8253.86078242828,
        8490.10216376487,
        8273.818740283245,
        8258.407970937827,
        8311.615399477037,
        8217.7808648908,
        8236.225853634507,
        8331.93905490795,
        8464.173372336603,
        8412.921372733805,
        8349.779461799364,
        8087.892846995975,
        8186.556480222879,
        7803.83493860752,
        8209.089042867226,
        8213.019439335114,
        8287.326282417225,
        8236.185577364578,
        8205.396137935571,
        8103.174068243876,
        8116.562638529951,
        8122.239384652525,
        7941.582325308165,
        8112.798742262758,
        8135.941111283217,
        8119.225349353046,
        8098.654401578281,
        8161.676190737406,
        8106.823105355252,
        8074.994097754339,
        7965.156273773406
    ],
    "training_tokens_per_second": [
        17.299943923950195,
        3216.546875,
        1139.104248046875,
        2192.25732421875,
        1264.2386474609375,
        723.381103515625,
        1437.3270263671875,
        2061.272705078125,
        1404.0533447265625,
        777.5781860351562,
        828.5255737304688,
        1945.392822265625,
        2238.824951171875,
        1334.705810546875,
        1007.1394653320312,
        1506.4239501953125,
        2754.662841796875,
        1483.6865234375,
        1518.98876953125,
        787.9138793945312,
        4322.79833984375,
        2456.657470703125,
        940.9044799804688,
        990.36376953125,
        618.9069213867188,
        1158.83544921875,
        2047.393798828125,
        662.3240966796875,
        1900.3060302734375,
        1179.3699951171875,
        1057.1766357421875,
        3584.658447265625,
        4373.09228515625,
        1625.9259033203125,
        1555.237548828125,
        4203.1572265625,
        1495.19873046875,
        1086.2274169921875,
        1037.29345703125,
        1066.3111572265625,
        1421.9837646484375,
        2751.567138671875,
        868.6105346679688,
        1172.9490966796875,
        1490.9271240234375,
        1870.4349365234375,
        2159.50927734375,
        1934.0142822265625,
        858.1832275390625,
        2864.887939453125,
        1073.4293212890625
    ],
    "mfus": [
        0.5100636254888959,
        9.860789453569966,
        10.679645321148616,
        10.952095445629038,
        10.867648924458331,
        11.004386280119412,
        10.910848001355939,
        10.665139260480755,
        11.048009460874997,
        10.778084250088174,
        10.736872680240673,
        10.836774684640309,
        10.74612128567462,
        10.73340209507848,
        11.100002135278649,
        10.758917369145003,
        10.936108364104244,
        10.819520106399944,
        10.936475593877143,
        10.715389310193434,
        10.753638285201353,
        11.061428109849038,
        10.779640742153436,
        10.759562642509438,
        10.828884558117036,
        10.706631146023048,
        10.730662413614416,
        10.855363468398924,
        11.027646483099819,
        10.960872220769744,
        10.878607049509416,
        10.537405034892569,
        10.665950094179815,
        10.167316893187612,
        10.695306904853407,
        10.70042766749373,
        10.797239200142961,
        10.730609939208836,
        10.690495560816542,
        10.557314351294647,
        10.574757805431766,
        10.58215381998159,
        10.346782674154504,
        10.569853969509722,
        10.600005273495666,
        10.578226949121541,
        10.551425851140275,
        10.63353452035193,
        10.562068541632888,
        10.520599749786312,
        10.377496266427451
    ],