{
    "dataset": "/capstor/store/cscs/ethz/large-sc/datasets/train_data.parquet",
    "tokenizer_name_or_path": "unsloth/Mistral-Nemo-Base-2407-bnb-4bit",
    "sequence_length": 4096,
    "batch_size": 1,
    "fused_optimizer": false,
    "learning_rate": 5e-05,
    "lr_warmup_steps": 100,
    "training_steps": 1000,
    "logging_frequency": 5,
    "profile": false,
    "profile_step_start": 10,
    "profile_step_end": 12,
    "grad_max_norm": 1,
    "model_dtype": "bf16",
    "compile": false,
    "quantization": false,
    "quantization_torchao": false,
    "enable_fsdp_float8_all_gather": false,
    "force_recompute_fp8_weight_in_bwd": false,
    "quantize_optimizer": false,
    "train_steps": [
        1,
        5,
        10,
        15,
        20,
        25,
        30,
        35,
        40,
        45,
        50,
        55,
        60,
        65,
        70,
        75,
        80,
        85,
        90,
        95,
        100,
        105,
        110,
        115,
        120,
        125,
        130,
        135,
        140,
        145,
        150,
        155,
        160,
        165,
        170,
        175,
        180,
        185,
        190,
        195,
        200,
        205,
        210,
        215,
        220,
        225,
        230,
        235,
        240,
        245,
        250
    ],
    "losses": [
        11.783501625061035,
        11.783504486083984,
        11.78350830078125,
        11.78349781036377,
        11.78349781036377,
        11.783503532409668,
        11.783506393432617,
        11.783485412597656,
        11.7835054397583,
        11.783501625061035,
        11.783499717712402,
        11.783503532409668,
        11.78349781036377,
        11.783501625061035,
        11.783504486083984,
        11.783506393432617,
        11.783485412597656,
        11.783501625061035,
        11.783499717712402,
        11.78349781036377,
        11.783485412597656,
        11.7835111618042,
        11.783509254455566,
        11.783506393432617,
        11.783501625061035,
        11.783503532409668,
        11.783501625061035,
        11.783500671386719,
        11.783504486083984,
        11.783502578735352,
        11.78349781036377,
        11.783498764038086,
        11.783485412597656,
        11.783504486083984,
        11.783500671386719,
        11.783501625061035,
        11.783503532409668,
        11.783506393432617,
        11.783502578735352,
        11.783503532409668,
        11.783503532409668,
        11.783502578735352,
        11.783502578735352,
        11.7835054397583,
        11.783510208129883,
        11.78350830078125,
        11.783502578735352,
        11.783498764038086,
        11.7835054397583,
        11.783501625061035,
        11.783504486083984
    ],
    "tokens_per_second": [
        7594.399917002185,
        10948.666759402391,
        10593.269473630682,
        10947.636803047733,
        11012.845617357538,
        9034.427649218109,
        10834.111634268487,
        10902.132884620612,
        11032.858138956959,
        9172.597563407524,
        10583.338196643097,
        10815.114988506486,
        10987.576130038751,
        9103.411578989695,
        10667.984008486752,
        11061.912270414314,
        10969.25144392402,
        9126.750596671269,
        10701.333589377024,
        10990.59349501195,
        10976.568998129496,
        9139.076426221767,
        10607.963269723234,
        10840.626789107951,
        11007.003517884617,
        9064.616627733376,
        10646.25799809918,
        10869.157527299616,
        10984.433570446346,
        9086.319291628704,
        10716.568510215557,
        10883.701208171138,
        11021.162352242212,
        9101.78811648484,
        10665.496150714618,
        10919.573508196232,
        10980.112407085355,
        9051.664320110667,
        10698.445766078707,
        10987.231645136413,
        11044.823013098703,
        9125.436305085681,
        10548.873115877723,
        10975.777360210652,
        10919.899320895289,
        9117.003788561928,
        10605.1000205605,
        10896.014696603503,
        10992.464193081221,
        9276.298046490328,
        10579.003700191703
    ],
    "training_tokens_per_second": [
        335.5923767089844,
        4653.0498046875,
        1472.092041015625,
        2855.04541015625,
        1669.1343994140625,
        773.7493286132812,
        1859.4678955078125,
        2745.2294921875,
        1826.7784423828125,
        862.17041015625,
        1064.0181884765625,
        2529.51171875,
        2982.418701171875,
        1474.859375,
        1261.09326171875,
        2017.934814453125,
        3599.8212890625,
        1630.6046142578125,
        1936.4815673828125,
        1052.907470703125,
        5748.763671875,
        2644.441650390625,
        1206.3450927734375,
        1300.0283203125,
        819.6133422851562,
        1278.2525634765625,
        2646.4892578125,
        864.0131225585938,
        2466.134033203125,
        1273.7706298828125,
        1356.8389892578125,
        4823.796875,
        5887.28076171875,
        1896.35400390625,
        2020.611572265625,
        5588.28369140625,
        1981.031005859375,
        1193.776611328125,
        1352.454833984375,
        1445.82958984375,
        1935.001220703125,
        3091.419677734375,
        1153.782958984375,
        1586.878662109375,
        2001.0928955078125,
        2100.294189453125,
        2827.85400390625,
        2581.951171875,
        1163.6553955078125,
        3291.0927734375,
        1425.68603515625
    ],
    "mfus": [
        9.894452045334617,
        14.264597518590874,
        13.801564041352249,
        14.263255628004215,
        14.348213688308233,
        11.770608884068333,
        14.115348044692727,
        14.203970319925563,
        14.374287234267852,
        11.950625159876312,
        13.788624961902059,
        14.090598044354513,
        14.315291043567578,
        11.86048539735223,
        13.898906739959392,
        14.4121407465355,
        14.291416513652171,
        11.890892907327911,
        13.94235662835835,
        14.319222252531665,
        14.300950274050162,
        11.906951757367313,
        13.82070802407512,
        14.123836389766929,
        14.340602241227408,
        11.809940944992357,
        13.8706007552515,
        14.161007993045738,
        14.311196723341295,
        11.838216512451954,
        13.962205621734885,
        14.17995639641119,
        14.359049242847037,
        11.858370250391676,
        13.89566540559578,
        14.226693038704616,
        14.305566845520445,
        11.793065880727912,
        13.93859419426838,
        14.314842227415705,
        14.389875809364998,
        11.889180567286656,
        13.743721731548318,
        14.299918879402675,
        14.2271175275598,
        11.87819416529603,
        13.816977606682816,
        14.195999167681643,
        14.321659513215852,
        12.085732537437998,
        13.782977712909682
    ],