{
    "dataset": "/capstor/store/cscs/ethz/large-sc/datasets/train_data.parquet",
    "tokenizer_name_or_path": "unsloth/Mistral-Nemo-Base-2407-bnb-4bit",
    "sequence_length": 4096,
    "batch_size": 1,
    "fused_optimizer": false,
    "learning_rate": 5e-05,
    "lr_warmup_steps": 100,
    "training_steps": 1000,
    "logging_frequency": 5,
    "profile": false,
    "profile_step_start": 10,
    "profile_step_end": 12,
    "grad_max_norm": 1,
    "model_dtype": "bf16",
    "compile": false,
    "quantization": false,
    "quantization_torchao": true,
    "enable_fsdp_float8_all_gather": false,
    "force_recompute_fp8_weight_in_bwd": false,
    "quantize_optimizer": false,
    "train_steps": [
        1,
        5,
        10,
        15,
        20,
        25,
        30,
        35,
        40,
        45,
        50,
        55,
        60,
        65,
        70,
        75,
        80,
        85,
        90,
        95,
        100,
        105,
        110,
        115,
        120,
        125,
        130,
        135,
        140,
        145,
        150,
        155,
        160,
        165,
        170,
        175,
        180,
        185,
        190,
        195,
        200,
        205,
        210,
        215,
        220,
        225,
        230,
        235,
        240,
        245,
        250
    ],
    "losses": [
        11.783501625061035,
        11.783504486083984,
        11.78350830078125,
        11.78349781036377,
        11.78349781036377,
        11.783503532409668,
        11.783506393432617,
        11.783485412597656,
        11.7835054397583,
        11.783501625061035,
        11.783499717712402,
        11.783503532409668,
        11.78349781036377,
        11.783501625061035,
        11.783504486083984,
        11.783506393432617,
        11.783485412597656,
        11.783501625061035,
        11.783499717712402,
        11.78349781036377,
        11.783485412597656,
        11.7835111618042,
        11.783509254455566,
        11.783506393432617,
        11.783501625061035,
        11.783503532409668,
        11.783501625061035,
        11.783500671386719,
        11.783504486083984,
        11.783502578735352,
        11.78349781036377,
        11.783498764038086,
        11.783485412597656,
        11.783504486083984,
        11.783500671386719,
        11.783501625061035,
        11.783503532409668,
        11.783506393432617,
        11.783502578735352,
        11.783503532409668,
        11.783503532409668,
        11.783502578735352,
        11.783502578735352,
        11.7835054397583,
        11.783510208129883,
        11.78350830078125,
        11.783502578735352,
        11.783498764038086,
        11.7835054397583,
        11.783501625061035,
        11.783504486083984
    ],
    "tokens_per_second": [
        4966.417838161583,
        8447.731045834953,
        8254.410745321666,
        8395.747292570959,
        8642.535234732353,
        7394.6011352928335,
        8342.731248158201,
        8385.65384980637,
        8592.150460825293,
        7374.673401905295,
        8351.228726727795,
        8652.123512025204,
        8594.177940396356,
        7487.905647832194,
        8345.575218369531,
        8389.121049776359,
        8575.992746630742,
        7344.4158603962915,
        8454.30117760162,
        8451.346863202047,
        8548.526655570386,
        7379.605839417145,
        8345.758486272669,
        8606.603592777068,
        8768.731247174024,
        7389.924582643635,
        8246.122303066575,
        8446.655931345947,
        8521.178388043158,
        7356.697002896581,
        8272.646004594264,
        8347.486767839691,
        8440.03447480476,
        7399.085566435232,
        8328.902930381282,
        8679.254772435228,
        8554.653158842566,
        7559.671870080862,
        8553.484357985704,
        8489.780183429508,
        8476.706800349712,
        7505.2583691410755,
        8421.562036561949,
        8629.238953941061,
        8575.742711690746,
        7522.704835734118,
        8400.144713760892,
        8463.56976490969,
        8586.414692128637,
        7493.476260642134,
        8438.295961501082
    ],
    "training_tokens_per_second": [
        219.4633026123047,
        3590.1826171875,
        1147.0728759765625,
        2189.53564453125,
        1309.88427734375,
        633.30712890625,
        1431.8701171875,
        2111.5634765625,
        1422.6553955078125,
        693.1760864257812,
        839.6083984375,
        2023.6168212890625,
        2332.765380859375,
        1213.1285400390625,
        986.5545654296875,
        1530.359130859375,
        2814.416259765625,
        1312.1688232421875,
        1529.865234375,
        809.6456298828125,
        4477.12353515625,
        2135.329345703125,
        949.0855102539062,
        1032.1201171875,
        652.9451293945312,
        1042.0948486328125,
        2049.85400390625,
        671.443115234375,
        1913.1043701171875,
        1031.3026123046875,
        1047.4107666015625,
        3699.7138671875,
        4508.4951171875,
        1541.5966796875,
        1577.9366455078125,
        4441.76123046875,
        1543.429931640625,
        997.0054931640625,
        1081.2974853515625,
        1117.1854248046875,
        1485.079345703125,
        2542.552734375,
        921.1083984375,
        1247.6160888671875,
        1571.5216064453125,
        1733.0137939453125,
        2239.90185546875,
        2005.552001953125,
        908.9525146484375,
        2658.57421875,
        1137.1922607421875
    ],
    "mfus": [
        6.470555102947716,
        11.006224407246254,
        10.754354810737903,
        10.938496771168575,
        11.260027304952555,
        9.634141884433868,
        10.869424202590643,
        10.9253464121543,
        11.194382917682095,
        9.608178805779849,
        10.880495241136412,
        11.272519503270829,
        11.197024442964937,
        9.755704751154543,
        10.873129502177433,
        10.929863693863133,
        11.17333165227503,
        9.568757416763935,
        11.01478437964793,
        11.01093531685523,
        11.137547136863738,
        9.614605089220406,
        10.873368274891387,
        11.21321334833687,
        11.42444324394217,
        9.628048983555502,
        10.743556117579816,
        11.004823681860318,
        11.101916129209618,
        9.584758045761495,
        10.778112829854468,
        10.875619986583242,
        10.996196840380666,
        9.639984477578027,
        10.851407818332943,
        11.30786778068449,
        11.145529122734203,
        9.849206206473553,
        11.144006336976915,
        11.061008614033357,
        11.043975805204875,
        9.778312945445494,
        10.97212980989091,
        11.242704091254497,
        11.173005891352442,
        9.80104327686759,
        10.944226002386635,
        11.026860066160351,
        11.18691000488682,
        9.762962488686599,
        10.993931798151998
    ],