{
    "dataset": "/capstor/store/cscs/ethz/large-sc/datasets/train_data.parquet",
    "tokenizer_name_or_path": "unsloth/Mistral-Nemo-Base-2407-bnb-4bit",
    "sequence_length": 4096,
    "batch_size": 1,
    "fused_optimizer": false,
    "learning_rate": 5e-05,
    "lr_warmup_steps": 100,
    "training_steps": 1000,
    "logging_frequency": 5,
    "profile": false,
    "profile_step_start": 10,
    "profile_step_end": 12,
    "grad_max_norm": 1,
    "model_dtype": "bf16",
    "compile": true,
    "quantization": false,
    "quantization_torchao": true,
    "enable_fsdp_float8_all_gather": false,
    "force_recompute_fp8_weight_in_bwd": true,
    "quantize_optimizer": true,
    "train_steps": [
        1,
        5,
        10,
        15,
        20,
        25,
        30,
        35,
        40,
        45,
        50,
        55,
        60,
        65,
        70,
        75,
        80,
        85,
        90,
        95,
        100,
        105,
        110,
        115,
        120,
        125,
        130,
        135,
        140,
        145,
        150,
        155,
        160,
        165,
        170,
        175,
        180,
        185,
        190,
        195,
        200,
        205,
        210,
        215,
        220,
        225,
        230,
        235,
        240,
        245,
        250
    ],
    "losses": [
        11.783501625061035,
        11.783504486083984,
        11.78350830078125,
        11.78349781036377,
        11.78349781036377,
        11.783503532409668,
        11.783506393432617,
        11.783485412597656,
        11.7835054397583,
        11.783501625061035,
        11.783499717712402,
        11.783503532409668,
        11.78349781036377,
        11.783501625061035,
        11.783504486083984,
        11.783506393432617,
        11.783485412597656,
        11.783501625061035,
        11.783499717712402,
        11.78349781036377,
        11.783485412597656,
        11.7835111618042,
        11.783509254455566,
        11.783506393432617,
        11.783501625061035,
        11.783503532409668,
        11.783501625061035,
        11.783500671386719,
        11.783504486083984,
        11.783502578735352,
        11.78349781036377,
        11.783498764038086,
        11.783485412597656,
        11.783504486083984,
        11.783500671386719,
        11.783501625061035,
        11.783503532409668,
        11.783506393432617,
        11.783502578735352,
        11.783503532409668,
        11.783503532409668,
        11.783502578735352,
        11.783502578735352,
        11.7835054397583,
        11.783510208129883,
        11.78350830078125,
        11.783502578735352,
        11.783498764038086,
        11.7835054397583,
        11.783501625061035,
        11.783504486083984
    ],
    "tokens_per_second": [
        330.7722932265319,
        21556.002211724965,
        31037.479871063337,
        31052.064799048432,
        30991.700342824435,
        31012.60545148446,
        30943.840560586963,
        31060.03053785246,
        31016.121861223302,
        31048.410322545682,
        31021.506823765078,
        31075.023320023796,
        31021.03243037576,
        31053.590659014728,
        31003.17614362808,
        31022.598685506335,
        31055.124767372403,
        31028.909891586514,
        31059.698010214284,
        30287.023238827962,
        31088.885300997554,
        31046.927377848744,
        31069.63581217033,
        31073.921764425795,
        31077.439277222016,
        31051.00519290852,
        31082.06739923258,
        31045.320862585944,
        31109.326338832725,
        31096.248952078528,
        31083.12368937773,
        31062.65335966852,
        31087.56284696861,
        31054.87312880591,
        31117.479190588383,
        31100.37677361236,
        31095.993622148708,
        31010.97228220504,
        31062.125707705836,
        27999.784514422026,
        30993.78034664968,
        31077.045436645352,
        30984.638714518576,
        31076.719866505577,
        31078.074856796604,
        31094.100066795232,
        31005.368817501843,
        31087.83820977395,
        31046.282939620633,
        31072.624133276953,
        31063.505316431634
    ],
    "training_tokens_per_second": [
        14.616646766662598,
        9161.037109375,
        4313.11865234375,
        8098.099609375,
        4697.1796875,
        2656.06005859375,
        5310.91796875,
        7821.12158203125,
        5135.53076171875,
        2918.36865234375,
        3118.812744140625,
        7268.03564453125,
        8420.2109375,
        5031.04541015625,
        3664.97509765625,
        5659.20068359375,
        10191.4794921875,
        5543.6904296875,
        5620.470703125,
        2901.5205078125,
        16282.197265625,
        8983.5986328125,
        3533.2607421875,
        3726.443115234375,
        2314.115966796875,
        4378.6767578125,
        7726.50390625,
        2467.860595703125,
        6984.40869140625,
        4359.24462890625,
        3935.4755859375,
        13767.3681640625,
        16606.345703125,
        6470.2705078125,
        5895.3037109375,
        15916.1640625,
        5610.33642578125,
        4089.874755859375,
        3926.750244140625,
        3684.541748046875,
        5429.96484375,
        10527.9560546875,
        3388.94482421875,
        4493.07470703125,
        5695.11767578125,
        7163.181640625,
        8267.59375,
        7366.66357421875,
        3286.5400390625,
        11024.10546875,
        4186.29296875
    ],
    "mfus": [
        0.4309505199914715,
        28.084487583481337,
        40.43754076009983,
        40.45654290274577,
        40.37789637058016,
        40.40513283394786,
        40.31554169800245,
        40.46692115796849,
        40.409714229174995,
        40.45178162563336,
        40.416730090101176,
        40.48645467817308,
        40.41611202116979,
        40.458530887106534,
        40.39284775080432,
        40.41815263483902,
        40.46052961797971,
        40.42637526290589,
        40.466487920476965,
        39.45979962967391,
        40.50451492091735,
        40.4498495539292,
        40.47943550105802,
        40.48501950368151,
        40.48960233603974,
        40.45516238259238,
        40.49563213849866,
        40.44775648687959,
        40.53114676422655,
        40.51410873916443,
        40.497008338369795,
        40.470338331802644,
        40.502791946342064,
        40.46020176775374,
        40.541768801729276,
        40.51948671934252,
        40.51377607960291,
        40.403005040403436,
        40.46965087432102,
        36.479844120062005,
        40.380606327696974,
        40.48908921627493,
        40.36869604620984,
        40.488665043440925,
        40.49043040826276,
        40.5113090390408,
        40.39570450140109,
        40.503150705967876,
        40.44900994010666,
        40.483328869883564,
        40.47144831355624
    ],