{
    "dataset": "/capstor/store/cscs/ethz/large-sc/datasets/train_data.parquet",
    "tokenizer_name_or_path": "unsloth/Mistral-Nemo-Base-2407-bnb-4bit",
    "sequence_length": 4096,
    "batch_size": 1,
    "fused_optimizer": false,
    "learning_rate": 5e-05,
    "lr_warmup_steps": 100,
    "training_steps": 1000,
    "logging_frequency": 5,
    "profile": false,
    "profile_step_start": 10,
    "profile_step_end": 12,
    "grad_max_norm": 1,
    "model_dtype": "bf16",
    "compile": true,
    "quantization": false,
    "quantization_torchao": true,
    "enable_fsdp_float8_all_gather": true,
    "force_recompute_fp8_weight_in_bwd": true,
    "quantize_optimizer": true,
    "train_steps": [
        1,
        5,
        10,
        15,
        20,
        25,
        30,
        35,
        40,
        45,
        50,
        55,
        60,
        65,
        70,
        75,
        80,
        85,
        90,
        95,
        100,
        105,
        110,
        115,
        120,
        125,
        130,
        135,
        140,
        145,
        150,
        155,
        160,
        165,
        170,
        175,
        180,
        185,
        190,
        195,
        200,
        205,
        210,
        215,
        220,
        225,
        230,
        235,
        240,
        245,
        250
    ],
    "losses": [
        11.783501625061035,
        11.783504486083984,
        11.78350830078125,
        11.78349781036377,
        11.78349781036377,
        11.783503532409668,
        11.783506393432617,
        11.783485412597656,
        11.7835054397583,
        11.783501625061035,
        11.783499717712402,
        11.783503532409668,
        11.78349781036377,
        11.783501625061035,
        11.783504486083984,
        11.783506393432617,
        11.783485412597656,
        11.783501625061035,
        11.783499717712402,
        11.78349781036377,
        11.783485412597656,
        11.7835111618042,
        11.783509254455566,
        11.783506393432617,
        11.783501625061035,
        11.783503532409668,
        11.783501625061035,
        11.783500671386719,
        11.783504486083984,
        11.783502578735352,
        11.78349781036377,
        11.783498764038086,
        11.783485412597656,
        11.783504486083984,
        11.783500671386719,
        11.783501625061035,
        11.783503532409668,
        11.783506393432617,
        11.783502578735352,
        11.783503532409668,
        11.783503532409668,
        11.783502578735352,
        11.783502578735352,
        11.7835054397583,
        11.783510208129883,
        11.78350830078125,
        11.783502578735352,
        11.783498764038086,
        11.7835054397583,
        11.783501625061035,
        11.783504486083984
    ],
    "tokens_per_second": [
        336.40961823379894,
        18909.247524248152,
        27832.18397209165,
        27779.467527017976,
        27797.763801784127,
        27780.454559128444,
        27722.35276553075,
        27694.72669075806,
        27789.964571298824,
        27803.73059436188,
        27798.832721985877,
        27746.00573524779,
        27801.80300749354,
        27785.82545680362,
        27796.62210328683,
        27803.603766539025,
        27792.522020306373,
        27791.022860033478,
        26938.08455516069,
        27834.855521688456,
        27882.255020374767,
        27864.456976083668,
        26984.619933874776,
        25144.493675926064,
        25260.630198220526,
        27852.370313250456,
        27862.206606417567,
        27886.38138612795,
        27853.896800837112,
        27873.37767308191,
        27790.59520357938,
        27850.85296783781,
        27886.159028116585,
        27879.234503291606,
        27886.34310194152,
        27881.409090222136,
        27864.06401953289,
        27937.9714054882,
        27862.673883481664,
        27897.846680557384,
        27915.755892264293,
        27901.8972927154,
        27937.596399919425,
        27887.25958303456,
        27877.38628118922,
        27873.77584319468,
        27878.361668101807,
        27878.452130171376,
        27847.574652650615,
        27815.08815847198,
        27798.52665285433
    ],
    "training_tokens_per_second": [
        14.865757942199707,
        8036.19921875,
        3867.695068359375,
        7244.6357421875,
        4213.0986328125,
        2379.243896484375,
        4758.01123046875,
        6973.7158203125,
        4601.35595703125,
        2613.3876953125,
        2794.814208984375,
        6489.42236328125,
        7546.3974609375,
        4501.62939453125,
        3285.919189453125,
        5071.9853515625,
        9120.7783203125,
        4965.20263671875,
        4874.6357421875,
        2666.600830078125,
        14602.787109375,
        8062.7333984375,
        3068.7099609375,
        3015.374755859375,
        1880.9794921875,
        3927.619384765625,
        6926.0986328125,
        2216.74951171875,
        6253.5263671875,
        3907.444580078125,
        3518.60400390625,
        12343.8564453125,
        14896.2197265625,
        5808.6279296875,
        5283.15478515625,
        14268.8017578125,
        5027.232421875,
        3684.5927734375,
        3522.2880859375,
        3671.127685546875,
        4890.70947265625,
        9452.3125,
        3055.6748046875,
        4031.942138671875,
        5108.58544921875,
        6421.31201171875,
        7433.7763671875,
        6606.15869140625,
        2947.9267578125,
        9868.3798828125,
        3746.285888671875
    ],
    "mfus": [
        0.4382951742838396,
        24.63613253012494,
        36.261483808913866,
        36.19280157681094,
        36.21663909067121,
        36.194087543048035,
        36.118388947137475,
        36.082395995090366,
        36.20647777274343,
        36.22441299561041,
        36.218031745758125,
        36.14920549316516,
        36.2219016166943,
        36.20108507939958,
        36.215151615537536,
        36.22424775650989,
        36.20980977485553,
        36.20785657650009,
        35.09659600984242,
        36.26496446830252,
        36.32671945511519,
        36.30353106661003,
        35.157225167923386,
        32.75979532282489,
        32.91110513836172,
        36.28778381770316,
        36.3005991463808,
        36.332095538612585,
        36.289772619766396,
        36.315153500195926,
        36.20729939932702,
        36.28580692662741,
        36.33180583689758,
        36.32278413938807,
        36.3320456596161,
        36.325617325200994,
        36.3030190986086,
        36.3993101939055,
        36.30120794372531,
        36.34703323048521,
        36.370366454747874,
        36.35231061753221,
        36.39882161354925,
        36.333239707641575,
        36.320376161778114,
        36.315672260747085,
        36.32164695593403,
        36.32176481549095,
        36.281535735649356,
        36.23921032978655,
        36.21763298003894
    ],