{
    "dataset": "/capstor/store/cscs/ethz/large-sc/datasets/train_data.parquet",
    "tokenizer_name_or_path": "unsloth/Mistral-Nemo-Base-2407-bnb-4bit",
    "sequence_length": 4096,
    "batch_size": 1,
    "fused_optimizer": false,
    "learning_rate": 5e-05,
    "lr_warmup_steps": 100,
    "training_steps": 1000,
    "logging_frequency": 5,
    "profile": false,
    "profile_step_start": 10,
    "profile_step_end": 12,
    "grad_max_norm": 1,
    "model_dtype": "bf16",
    "compile": true,
    "quantization": false,
    "quantization_torchao": true,
    "enable_fsdp_float8_all_gather": true,
    "force_recompute_fp8_weight_in_bwd": false,
    "quantize_optimizer": false,
    "train_steps": [
        1,
        5,
        10,
        15,
        20,
        25,
        30,
        35,
        40,
        45,
        50,
        55,
        60,
        65,
        70,
        75,
        80,
        85,
        90,
        95,
        100,
        105,
        110,
        115,
        120,
        125,
        130,
        135,
        140,
        145,
        150,
        155,
        160,
        165,
        170,
        175,
        180,
        185,
        190,
        195,
        200,
        205,
        210,
        215,
        220,
        225,
        230,
        235,
        240,
        245,
        250
    ],
    "losses": [
        11.783501625061035,
        11.783504486083984,
        11.78350830078125,
        11.78349781036377,
        11.78349781036377,
        11.783503532409668,
        11.783506393432617,
        11.783485412597656,
        11.7835054397583,
        11.783501625061035,
        11.783499717712402,
        11.783503532409668,
        11.78349781036377,
        11.783501625061035,
        11.783504486083984,
        11.783506393432617,
        11.783485412597656,
        11.783501625061035,
        11.783499717712402,
        11.78349781036377,
        11.783485412597656,
        11.7835111618042,
        11.783509254455566,
        11.783506393432617,
        11.783501625061035,
        11.783503532409668,
        11.783501625061035,
        11.783500671386719,
        11.783504486083984,
        11.783502578735352,
        11.78349781036377,
        11.783498764038086,
        11.783485412597656,
        11.783504486083984,
        11.783500671386719,
        11.783501625061035,
        11.783503532409668,
        11.783506393432617,
        11.783502578735352,
        11.783503532409668,
        11.783503532409668,
        11.783502578735352,
        11.783502578735352,
        11.7835054397583,
        11.783510208129883,
        11.78350830078125,
        11.783502578735352,
        11.783498764038086,
        11.7835054397583,
        11.783501625061035,
        11.783504486083984
    ],
    "tokens_per_second": [
        1352.1690159287778,
        26381.993619713558,
        26827.798828090457,
        26840.87541187607,
        26846.85337804453,
        26784.93901743227,
        26799.648940690655,
        26673.014818121203,
        26841.402554462988,
        26818.46465867721,
        26808.08203988909,
        26776.885137711954,
        26768.737588151183,
        26785.17890257189,
        26766.560419720285,
        26771.280429425933,
        26803.79608185694,
        26827.145155809205,
        26760.651495022645,
        26856.110641114192,
        26757.646680605118,
        26858.65687416093,
        24721.4212835392,
        26705.912169996995,
        26774.824817845845,
        26705.187552798252,
        26760.891145808484,
        26712.444370506582,
        26746.488060155545,
        26687.16413738529,
        26766.12909686671,
        26714.631413140938,
        26747.76010220206,
        26680.518014863257,
        26687.370567671907,
        26666.134637659175,
        26669.074193823173,
        26651.0273376146,
        26698.84235169195,
        26698.82064131276,
        26722.369211271453,
        26711.266264555667,
        26676.35448107693,
        26758.04402886859,
        26748.608765828707,
        26703.442775251384,
        26734.718657255213,
        26787.54590338761,
        26789.327848620615,
        26817.74334196128,
        25103.22346193213
    ],
    "training_tokens_per_second": [
        59.75160598754883,
        11212.025390625,
        3728.120849609375,
        6999.859375,
        4068.97607421875,
        2293.983642578125,
        4599.646484375,
        6716.4423828125,
        4444.296875,
        2520.778564453125,
        2695.20703125,
        6262.7578125,
        7265.98681640625,
        4339.5126953125,
        3164.152587890625,
        4883.6669921875,
        8796.3046875,
        4792.99462890625,
        4842.5283203125,
        2572.83642578125,
        14013.794921875,
        7771.69970703125,
        2811.33740234375,
        3202.623046875,
        1993.7308349609375,
        3765.8486328125,
        6652.3291015625,
        2123.4306640625,
        6004.89990234375,
        3741.15478515625,
        3388.89501953125,
        11840.2685546875,
        14288.109375,
        5558.87548828125,
        5056.005859375,
        13646.86328125,
        4811.63232421875,
        3514.864501953125,
        3375.1611328125,
        3513.345947265625,
        4681.6337890625,
        9048.962890625,
        2917.72607421875,
        3868.679931640625,
        4901.73486328125,
        6151.701171875,
        7128.8232421875,
        6347.654296875,
        2835.901611328125,
        9514.537109375,
        3383.051513671875
    ],
    "mfus": [
        1.761689090844693,
        34.37208648259082,
        34.95290897074691,
        34.9699459496521,
        34.97773441223359,
        34.89706856915308,
        34.916233563341066,
        34.75124682748834,
        34.9706327434876,
        34.94074783982784,
        34.927220724476165,
        34.886575478514914,
        34.875960349038316,
        34.89738110629048,
        34.873123799887686,
        34.87927331929625,
        34.92163671432647,
        34.95205732623109,
        34.8654252887875,
        34.98979534483061,
        34.86151043146048,
        34.99311273409804,
        32.20859054773725,
        34.79410752406883,
        34.883891166872644,
        34.79316344814413,
        34.86573752059436,
        34.80261807729212,
        34.846972293340684,
        34.76968143225799,
        34.87256184590351,
        34.80546749116329,
        34.84862958807976,
        34.761022454419006,
        34.769950382352,
        34.74228290454659,
        34.74611273940084,
        34.72260018340218,
        34.78489652926305,
        34.78486824364362,
        34.815548771234866,
        34.80108316828508,
        34.7555979461184,
        34.862028121255754,
        34.84973527933229,
        34.79089024447353,
        34.83163839021835,
        34.900464980766195,
        34.902786608787906,
        34.93980806397547,
        32.70602594568827
    ],