{
    "dataset": "/capstor/store/cscs/ethz/large-sc/datasets/train_data.parquet",
    "tokenizer_name_or_path": "unsloth/Mistral-Nemo-Base-2407-bnb-4bit",
    "sequence_length": 4096,
    "batch_size": 1,
    "fused_optimizer": false,
    "learning_rate": 5e-05,
    "lr_warmup_steps": 100,
    "training_steps": 1000,
    "logging_frequency": 5,
    "profile": false,
    "profile_step_start": 10,
    "profile_step_end": 12,
    "grad_max_norm": 1,
    "model_dtype": "bf16",
    "compile": true,
    "quantization": false,
    "quantization_torchao": true,
    "enable_fsdp_float8_all_gather": false,
    "force_recompute_fp8_weight_in_bwd": false,
    "quantize_optimizer": false,
    "train_steps": [
        1,
        5,
        10,
        15,
        20,
        25,
        30,
        35,
        40,
        45,
        50,
        55,
        60,
        65,
        70,
        75,
        80,
        85,
        90,
        95,
        100,
        105,
        110,
        115,
        120,
        125,
        130,
        135,
        140,
        145,
        150,
        155,
        160,
        165,
        170,
        175,
        180,
        185,
        190,
        195,
        200,
        205,
        210,
        215,
        220,
        225,
        230,
        235,
        240,
        245,
        250
    ],
    "losses": [
        11.783501625061035,
        11.783504486083984,
        11.78350830078125,
        11.78349781036377,
        11.78349781036377,
        11.783503532409668,
        11.783506393432617,
        11.783485412597656,
        11.7835054397583,
        11.783501625061035,
        11.783499717712402,
        11.783503532409668,
        11.78349781036377,
        11.783501625061035,
        11.783504486083984,
        11.783506393432617,
        11.783485412597656,
        11.783501625061035,
        11.783499717712402,
        11.78349781036377,
        11.783485412597656,
        11.7835111618042,
        11.783509254455566,
        11.783506393432617,
        11.783501625061035,
        11.783503532409668,
        11.783501625061035,
        11.783500671386719,
        11.783504486083984,
        11.783502578735352,
        11.78349781036377,
        11.783498764038086,
        11.783485412597656,
        11.783504486083984,
        11.783500671386719,
        11.783501625061035,
        11.783503532409668,
        11.783506393432617,
        11.783502578735352,
        11.783503532409668,
        11.783503532409668,
        11.783502578735352,
        11.783502578735352,
        11.7835054397583,
        11.783510208129883,
        11.78350830078125,
        11.783502578735352,
        11.783498764038086,
        11.7835054397583,
        11.783501625061035,
        11.783504486083984
    ],
    "tokens_per_second": [
        1158.4972973482163,
        12569.157941005038,
        30786.29466116883,
        30788.231423132496,
        30754.960994971683,
        30818.027256250763,
        30764.152061901957,
        30739.315286192203,
        30775.65704906583,
        30728.4065395375,
        30790.98498581202,
        30744.527026449163,
        30804.87773159109,
        30880.3149431618,
        30785.138142615106,
        30758.418948468912,
        30784.733363804567,
        30698.34991098177,
        30805.707867180383,
        30826.335710593998,
        30773.814951213906,
        30734.68187701147,
        30815.26126309333,
        30820.732196554614,
        30160.6284712785,
        30842.446908375096,
        30743.492366278402,
        30817.00135767307,
        30780.047532450928,
        30808.233594147034,
        30766.92261354402,
        30784.620454350174,
        30805.197446042912,
        30776.091975292416,
        30806.116743315244,
        30754.14247919356,
        30777.395460074153,
        30811.15611551388,
        30782.543873721952,
        30825.53416754518,
        30701.838043319574,
        30743.190269185594,
        30786.072266846782,
        30814.00898450815,
        30765.34964812155,
        30896.160875827885,
        30834.56771739692,
        30847.577963523137,
        30747.346013200735,
        30781.026303927105,
        30792.370199480963
    ],
    "training_tokens_per_second": [
        51.193359375,
        5341.73876953125,
        4278.212890625,
        8029.29443359375,
        4661.298828125,
        2639.3955078125,
        5280.078125,
        7740.36328125,
        5095.71533203125,
        2888.2900390625,
        3095.63671875,
        7190.736328125,
        8361.5390625,
        5002.97265625,
        3639.2001953125,
        5611.0087890625,
        10102.7431640625,
        5484.6318359375,
        5574.509765625,
        2953.18701171875,
        16117.18359375,
        8893.248046875,
        3504.333251953125,
        3696.080078125,
        2245.84765625,
        4349.26708984375,
        7642.33984375,
        2449.710693359375,
        6910.48095703125,
        4318.869140625,
        3895.44091796875,
        13644.1416015625,
        16455.51171875,
        6412.18701171875,
        5836.31494140625,
        15738.97265625,
        5552.85498046875,
        4063.52197265625,
        3891.40673828125,
        4056.3876953125,
        5378.818359375,
        10414.85546875,
        3367.226806640625,
        4455.091796875,
        5637.81005859375,
        7117.58251953125,
        8222.0498046875,
        7309.7314453125,
        3254.894775390625,
        10920.6513671875,
        4149.7529296875
    ],
    "mfus": [
        1.5093616452300906,
        16.375873256172024,
        40.11028119503079,
        40.11280452782629,
        40.06945776447927,
        40.15162437470839,
        40.081432452668054,
        40.049073571267726,
        40.09642185868027,
        40.03486098412072,
        40.116392038911314,
        40.055863747530346,
        40.13449236393914,
        40.23277661028875,
        40.10877441141464,
        40.073962999313785,
        40.10824704064492,
        39.995701356877056,
        40.135573915723235,
        40.162449140847706,
        40.09402186012109,
        40.043036880357825,
        40.148020668430995,
        40.155148537567136,
        39.29512474028607,
        40.1834398018058,
        40.054515728522304,
        40.150287770843526,
        40.10214205089881,
        40.1388645884063,
        40.08504209802004,
        40.10809993525224,
        40.134908907622155,
        40.096988507360784,
        40.1361066247395,
        40.068391351700974,
        40.09868676763226,
        40.14267222927744,
        40.10539443808739,
        40.16140484118671,
        40.00024591056417,
        40.054122137819874,
        40.10999144600799,
        40.146389122746825,
        40.082992741769154,
        40.25342166751404,
        40.17317430642215,
        40.19012485653812,
        40.05953649712672,
        40.10341725467267,
        40.11819678061174
    ],