{
    "dataset": "/capstor/store/cscs/ethz/large-sc/datasets/train_data.parquet",
    "tokenizer_name_or_path": "unsloth/Mistral-Nemo-Base-2407-bnb-4bit",
    "sequence_length": 4096,
    "batch_size": 1,
    "fused_optimizer": true,
    "learning_rate": 5e-05,
    "lr_warmup_steps": 100,
    "training_steps": 1000,
    "logging_frequency": 5,
    "profile": false,
    "profile_step_start": 10,
    "profile_step_end": 12,
    "grad_max_norm": 1,
    "model_dtype": "bf16",
    "compile": false,
    "quantization": false,
    "quantization_torchao": false,
    "enable_fsdp_float8_all_gather": false,
    "force_recompute_fp8_weight_in_bwd": false,
    "quantize_optimizer": false,
    "train_steps": [
        1,
        5,
        10,
        15,
        20,
        25,
        30,
        35,
        40,
        45,
        50,
        55,
        60,
        65,
        70,
        75,
        80,
        85,
        90,
        95,
        100,
        105,
        110,
        115,
        120,
        125,
        130,
        135,
        140,
        145,
        150,
        155,
        160,
        165,
        170,
        175,
        180,
        185,
        190,
        195,
        200,
        205,
        210,
        215,
        220,
        225,
        230,
        235,
        240,
        245,
        250
    ],
    "losses": [
        11.783501625061035,
        11.783504486083984,
        11.78350830078125,
        11.78349781036377,
        11.78349781036377,
        11.783503532409668,
        11.783506393432617,
        11.783485412597656,
        11.7835054397583,
        11.783501625061035,
        11.783499717712402,
        11.783503532409668,
        11.78349781036377,
        11.783501625061035,
        11.783504486083984,
        11.783506393432617,
        11.783485412597656,
        11.783501625061035,
        11.783499717712402,
        11.78349781036377,
        11.783485412597656,
        11.7835111618042,
        11.783509254455566,
        11.783506393432617,
        11.783501625061035,
        11.783503532409668,
        11.783501625061035,
        11.783500671386719,
        11.783504486083984,
        11.783502578735352,
        11.78349781036377,
        11.783498764038086,
        11.783485412597656,
        11.783504486083984,
        11.783500671386719,
        11.783501625061035,
        11.783503532409668,
        11.783506393432617,
        11.783502578735352,
        11.783503532409668,
        11.783503532409668,
        11.783502578735352,
        11.783502578735352,
        11.7835054397583,
        11.783510208129883,
        11.78350830078125,
        11.783502578735352,
        11.783498764038086,
        11.7835054397583,
        11.783501625061035,
        11.783504486083984
    ],
    "tokens_per_second": [
        8799.014219587343,
        11759.14100928364,
        11530.58805060814,
        12007.555898053428,
        11957.879179842736,
        9808.270867497627,
        11596.658128376335,
        11797.72360064144,
        12052.360210164286,
        9812.248933792538,
        11518.39910054658,
        11832.282911268914,
        12049.812591932168,
        9818.725583141026,
        11472.876114730476,
        11828.457094146526,
        11887.072963633955,
        9766.557412751665,
        11539.59925462617,
        11793.728394584523,
        12010.947498496433,
        9964.390598400945,
        11562.991232213908,
        11858.879212357568,
        12055.281637183583,
        9882.820714586283,
        11594.632579033752,
        11857.506096532283,
        11986.052250160414,
        9891.809932513019,
        11625.81628957953,
        11842.712637541958,
        11987.441418478187,
        9760.271425464322,
        11545.619797955676,
        11838.96355896841,
        11938.773555566626,
        9944.303478316093,
        11650.567216859032,
        11818.062143358315,
        12078.241788680029,
        9834.84876545323,
        11596.816758299874,
        11839.27825055816,
        11959.897639737572,
        9882.480442690083,
        11689.66104690228,
        11869.824457634968,
        11906.983286105647,
        9781.38403924701,
        11621.483427780668
    ],
    "training_tokens_per_second": [
        388.8236083984375,
        4997.4912109375,
        1602.3463134765625,
        3131.462646484375,
        1812.3660888671875,
        840.0247802734375,
        1990.3443603515625,
        2970.7451171875,
        1995.5836181640625,
        922.2939453125,
        1158.0264892578125,
        2767.413818359375,
        3270.747314453125,
        1590.74853515625,
        1356.2418212890625,
        2157.769287109375,
        3901.026123046875,
        1744.913818359375,
        2088.171630859375,
        1129.848388671875,
        6290.4990234375,
        2883.2509765625,
        1314.9515380859375,
        1422.1390380859375,
        897.6710815429688,
        1393.6322021484375,
        2882.239990234375,
        942.5791015625,
        2691.00927734375,
        1386.688720703125,
        1471.9600830078125,
        5248.8427734375,
        6403.44775390625,
        2033.5487060546875,
        2187.353759765625,
        6058.7978515625,
        2153.99267578125,
        1311.5020751953125,
        1472.8182373046875,
        1555.1600341796875,
        2116.05126953125,
        3331.7470703125,
        1268.40185546875,
        1711.7237548828125,
        2191.674560546875,
        2276.6376953125,
        3117.052734375,
        2812.7080078125,
        1260.4658203125,
        3470.2900390625,
        1566.176513671875
    ],
    "mfus": [
        11.463897765906829,
        15.32053329851673,
        15.022760424537406,
        15.644183518565987,
        15.579461629874704,
        12.778819499463015,
        15.108840591930933,
        15.370801075318928,
        15.702557336438364,
        12.784002369290562,
        15.006879909528303,
        15.415827074141802,
        15.699238142466095,
        12.792440547039089,
        14.947569759280688,
        15.410842563915134,
        15.48721092956316,
        12.724472640969937,
        15.034500776244132,
        15.365595874753588,
        15.648602304553949,
        12.982221902238136,
        15.06497728564802,
        15.450478373596786,
        15.706363551526099,
        12.875947632701605,
        15.106201581468662,
        15.448689393712339,
        15.616167241414074,
        12.887659339574196,
        15.146829640559945,
        15.42941556402677,
        15.617977135474609,
        12.716282869499915,
        15.042344710973891,
        15.424531033508813,
        15.554569645614968,
        12.956051164776248,
        15.179076673336862,
        15.397299381674058,
        15.736277451296717,
        12.813446822182584,
        15.109047264767309,
        15.424941033097706,
        15.582091403767723,
        12.875504305513662,
        15.230010523392005,
        15.464738513397855,
        15.513151324203463,
        12.743789683324245,
        15.141184521293585
    ],