{
    "dataset": "/capstor/store/cscs/ethz/large-sc/datasets/train_data.parquet",
    "tokenizer_name_or_path": "unsloth/Mistral-Nemo-Base-2407-bnb-4bit",
    "sequence_length": 4096,
    "batch_size": 1,
    "fused_optimizer": false,
    "learning_rate": 5e-05,
    "lr_warmup_steps": 100,
    "training_steps": 1000,
    "logging_frequency": 5,
    "profile": false,
    "profile_step_start": 10,
    "profile_step_end": 12,
    "grad_max_norm": 1,
    "model_dtype": "bf16",
    "compile": true,
    "quantization": false,
    "quantization_torchao": true,
    "enable_fsdp_float8_all_gather": true,
    "force_recompute_fp8_weight_in_bwd": true,
    "quantize_optimizer": true,
    "train_steps": [
        1,
        5,
        10,
        15,
        20,
        25,
        30,
        35,
        40,
        45,
        50,
        55,
        60,
        65,
        70,
        75,
        80,
        85,
        90,
        95,
        100,
        105,
        110,
        115,
        120,
        125,
        130,
        135,
        140,
        145,
        150,
        155,
        160,
        165,
        170,
        175,
        180,
        185,
        190,
        195,
        200,
        205,
        210,
        215,
        220,
        225,
        230,
        235,
        240,
        245,
        250
    ],
    "losses": [
        11.783501625061035,
        11.783504486083984,
        11.78350830078125,
        11.78349781036377,
        11.78349781036377,
        11.783503532409668,
        11.783506393432617,
        11.783485412597656,
        11.7835054397583,
        11.783501625061035,
        11.783499717712402,
        11.783503532409668,
        11.78349781036377,
        11.783501625061035,
        11.783504486083984,
        11.783506393432617,
        11.783485412597656,
        11.783501625061035,
        11.783499717712402,
        11.78349781036377,
        11.783485412597656,
        11.7835111618042,
        11.783509254455566,
        11.783506393432617,
        11.783501625061035,
        11.783503532409668,
        11.783501625061035,
        11.783500671386719,
        11.783504486083984,
        11.783502578735352,
        11.78349781036377,
        11.783498764038086,
        11.783485412597656,
        11.783504486083984,
        11.783500671386719,
        11.783501625061035,
        11.783503532409668,
        11.783506393432617,
        11.783502578735352,
        11.783503532409668,
        11.783503532409668,
        11.783502578735352,
        11.783502578735352,
        11.7835054397583,
        11.783510208129883,
        11.78350830078125,
        11.783502578735352,
        11.783498764038086,
        11.7835054397583,
        11.783501625061035,
        11.783504486083984
    ],
    "tokens_per_second": [
        330.6422281722451,
        23055.121662317793,
        27849.3144772362,
        27780.460729321025,
        27833.825554137453,
        27869.13713425002,
        27878.85669901615,
        27832.214221450115,
        27888.726741928553,
        27859.675068626562,
        27860.89812626962,
        27883.842928917635,
        27815.22320301326,
        27844.701271246402,
        27885.451673611875,
        27879.914415742245,
        27812.082051392015,
        27860.91933206236,
        27860.182871052133,
        27823.370755809337,
        27855.67486892317,
        27823.66500336307,
        27890.84411537514,
        25103.68313772266,
        27823.78595573572,
        26133.650799248433,
        27896.427685033934,
        27866.40448608857,
        27886.963800993108,
        27850.175466304823,
        27847.228177504105,
        27850.00094977797,
        27866.068091668698,
        27919.72335476667,
        27880.300931040747,
        27845.565241047316,
        27830.329503446534,
        27919.610349043254,
        27890.149160168872,
        27873.202675753702,
        27859.190204065355,
        27866.445369533,
        27877.381205392205,
        27895.98870449956,
        27810.646587293922,
        27897.541762911394,
        27500.999315871377,
        27896.466244638086,
        27852.81484543638,
        27919.672161223978,
        27685.1589277832
    ],
    "training_tokens_per_second": [
        14.610899925231934,
        9798.14453125,
        3870.07568359375,
        7244.89453125,
        4218.56396484375,
        2386.839111328125,
        4784.8720703125,
        7008.3359375,
        4617.70849609375,
        2618.646240234375,
        2801.053955078125,
        6521.66064453125,
        7550.0400390625,
        4511.16796875,
        3296.419677734375,
        5085.90625,
        9127.197265625,
        4977.69091796875,
        5041.49609375,
        2665.500732421875,
        14588.8662109375,
        8050.9296875,
        3171.766357421875,
        3010.480712890625,
        2071.839599609375,
        3685.253173828125,
        6934.60546875,
        2215.161376953125,
        6260.9501953125,
        3904.19189453125,
        3525.7744140625,
        12343.4794921875,
        14885.4873046875,
        5817.0634765625,
        5282.01025390625,
        14250.4580078125,
        5021.1455078125,
        3682.17138671875,
        3525.761474609375,
        3667.885009765625,
        4880.79931640625,
        9440.302734375,
        3049.08837890625,
        4033.204345703125,
        5096.35498046875,
        6426.787109375,
        7333.15234375,
        6610.427734375,
        2948.4814453125,
        9905.4853515625,
        3731.0078125
    ],
    "mfus": [
        0.43078106322642373,
        30.037632753109737,
        36.28380248629687,
        36.194095581955025,
        36.26362256312857,
        36.309628664978256,
        36.322291912704344,
        36.26152321964151,
        36.33515121262922,
        36.297300902997804,
        36.2988943778385,
        36.32878828018386,
        36.239386274134006,
        36.27779211734868,
        36.33088425187409,
        36.32366997121302,
        36.23529378829929,
        36.29892200605161,
        36.297962499279706,
        36.250001407825756,
        36.29208919640222,
        36.250384771665125,
        36.33790985719077,
        32.70662483962531,
        36.25054235586717,
        34.04853015756846,
        36.34518447570369,
        36.30606840261576,
        36.33285434457708,
        36.28492423589449,
        36.28108432648477,
        36.28469686501266,
        36.305630127242836,
        36.37553550930129,
        36.32417354715418,
        36.27891775042795,
        36.25906769292324,
        36.37538827848339,
        36.33700442673712,
        36.31492550289647,
        36.29666919157863,
        36.30612166808568,
        36.32036954871708,
        36.34461254482124,
        36.23342357724422,
        36.346635964992345,
        35.82999603701159,
        36.34523471353135,
        36.288362981619244,
        36.37546881120022,
        36.0699305240893
    ],