{
    "dataset": "/capstor/store/cscs/ethz/large-sc/datasets/train_data.parquet",
    "tokenizer_name_or_path": "unsloth/Mistral-Nemo-Base-2407-bnb-4bit",
    "sequence_length": 4096,
    "batch_size": 1,
    "fused_optimizer": false,
    "learning_rate": 5e-05,
    "lr_warmup_steps": 100,
    "training_steps": 1000,
    "logging_frequency": 5,
    "profile": false,
    "profile_step_start": 10,
    "profile_step_end": 12,
    "grad_max_norm": 1,
    "model_dtype": "bf16",
    "compile": true,
    "quantization": false,
    "quantization_torchao": false,
    "enable_fsdp_float8_all_gather": false,
    "force_recompute_fp8_weight_in_bwd": false,
    "quantize_optimizer": false,
    "train_steps": [
        1,
        5,
        10,
        15,
        20,
        25,
        30,
        35,
        40,
        45,
        50,
        55,
        60,
        65,
        70,
        75,
        80,
        85,
        90,
        95,
        100,
        105,
        110,
        115,
        120,
        125,
        130,
        135,
        140,
        145,
        150,
        155,
        160,
        165,
        170,
        175,
        180,
        185,
        190,
        195,
        200,
        205,
        210,
        215,
        220,
        225,
        230,
        235,
        240,
        245,
        250
    ],
    "losses": [
        11.783501625061035,
        11.783504486083984,
        11.78350830078125,
        11.78349781036377,
        11.78349781036377,
        11.783503532409668,
        11.783506393432617,
        11.783485412597656,
        11.7835054397583,
        11.783501625061035,
        11.783499717712402,
        11.783503532409668,
        11.78349781036377,
        11.783501625061035,
        11.783504486083984,
        11.783506393432617,
        11.783485412597656,
        11.783501625061035,
        11.783499717712402,
        11.78349781036377,
        11.783485412597656,
        11.7835111618042,
        11.783509254455566,
        11.783506393432617,
        11.783501625061035,
        11.783503532409668,
        11.783501625061035,
        11.783500671386719,
        11.783504486083984,
        11.783502578735352,
        11.78349781036377,
        11.783498764038086,
        11.783485412597656,
        11.783504486083984,
        11.783500671386719,
        11.783501625061035,
        11.783503532409668,
        11.783506393432617,
        11.783502578735352,
        11.783503532409668,
        11.783503532409668,
        11.783502578735352,
        11.783502578735352,
        11.7835054397583,
        11.783510208129883,
        11.78350830078125,
        11.783502578735352,
        11.783498764038086,
        11.7835054397583,
        11.783501625061035,
        11.783504486083984
    ],
    "tokens_per_second": [
        1961.0118595246524,
        13325.746748124007,
        29207.444220728496,
        29202.83515737389,
        29255.82749480824,
        29211.3414454431,
        29224.153880696223,
        29196.735728246484,
        29204.00911476055,
        29252.39735607718,
        29231.083805727067,
        29237.457392429358,
        29273.164258611447,
        29240.90204154659,
        29211.283791741458,
        29174.958229418356,
        29243.358707575157,
        29178.348935010534,
        29243.71482284328,
        29229.5712605734,
        29201.181795425626,
        29317.7413927851,
        29225.712378313157,
        29225.90856517735,
        29214.938800142576,
        29305.043352830795,
        29115.787208227135,
        29165.23222124873,
        27240.41788030191,
        29136.392033253866,
        29111.797250765107,
        29221.152915533134,
        29183.54590351953,
        29033.874817811542,
        29187.112976512242,
        29175.90964352793,
        29213.6759645934,
        29129.69949576639,
        29097.626219421683,
        29144.22959821616,
        29153.72229626975,
        29134.97217673719,
        29173.26920851908,
        29171.806986730207,
        29151.22607339455,
        29165.368961492186,
        29119.712519506047,
        29190.05738144134,
        29138.655249911462,
        29136.51324812034,
        29092.218116318494
    ],
    "training_tokens_per_second": [
        86.65603637695312,
        5663.27978515625,
        4058.807861328125,
        7615.83740234375,
        4434.08642578125,
        2501.791748046875,
        5015.7666015625,
        7351.93212890625,
        4835.48828125,
        2749.553955078125,
        2938.80859375,
        6838.25341796875,
        7945.77685546875,
        4737.36865234375,
        3453.150390625,
        5322.150390625,
        9596.9052734375,
        5213.0654296875,
        5291.85595703125,
        2800.2158203125,
        15293.548828125,
        8483.2490234375,
        3323.568603515625,
        3504.825927734375,
        2175.4287109375,
        4132.46923828125,
        7237.71826171875,
        2318.408203125,
        6115.79296875,
        4084.501220703125,
        3685.883544921875,
        12951.19140625,
        15589.2578125,
        6049.1962890625,
        5529.58984375,
        14931.2841796875,
        5270.72900390625,
        3841.763427734375,
        3678.406005859375,
        3835.1416015625,
        5107.595703125,
        9870.041015625,
        3190.826171875,
        4217.662109375,
        5342.01904296875,
        6718.85791015625,
        7764.78271484375,
        6916.96044921875,
        3084.599853515625,
        10337.203125,
        3920.630859375
    ],
    "mfus": [
        2.554927053678039,
        17.36160376179315,
        38.0532575802066,
        38.047252608538734,
        38.11629429020479,
        38.058335124643285,
        38.075027954568164,
        38.039305896531914,
        38.04878211254069,
        38.11182529416109,
        38.084056687798544,
        38.09236058918269,
        38.13888169407432,
        38.09684849025137,
        38.05826000984918,
        38.01093282951185,
        38.100049186089976,
        38.01535044963303,
        38.10051315499885,
        38.082086050795894,
        38.045098506741425,
        38.1969595305354,
        38.07705846127074,
        38.07731406560299,
        38.063021979951536,
        38.180415741852855,
        37.93384117802543,
        37.99826118692276,
        35.4904944903029,
        37.96068641337748,
        37.928642815652836,
        38.071118112286946,
        38.02212138035243,
        37.82712066978997,
        38.02676878278768,
        38.012172390423224,
        38.061376680004344,
        37.951966963262244,
        37.91017992304871,
        37.97089767582338,
        37.98326534762083,
        37.95883653684095,
        38.00873226903649,
        38.00682719641353,
        37.98001311468564,
        37.99843934053547,
        37.9389553153683,
        38.0306049349118,
        37.96363507145864,
        37.96084433957265,
        37.9031339131736
    ],