{
    "dataset": "/capstor/store/cscs/ethz/large-sc/datasets/train_data.parquet",
    "tokenizer_name_or_path": "unsloth/Mistral-Nemo-Base-2407-bnb-4bit",
    "sequence_length": 4096,
    "batch_size": 1,
    "fused_optimizer": false,
    "learning_rate": 5e-05,
    "lr_warmup_steps": 100,
    "training_steps": 1000,
    "logging_frequency": 5,
    "profile": false,
    "profile_step_start": 10,
    "profile_step_end": 12,
    "grad_max_norm": 1,
    "model_dtype": "bf16",
    "compile": true,
    "quantization": false,
    "quantization_torchao": true,
    "enable_fsdp_float8_all_gather": true,
    "force_recompute_fp8_weight_in_bwd": true,
    "quantize_optimizer": false,
    "train_steps": [
        1,
        5,
        10,
        15,
        20,
        25,
        30,
        35,
        40,
        45,
        50,
        55,
        60,
        65,
        70,
        75,
        80,
        85,
        90,
        95,
        100,
        105,
        110,
        115,
        120,
        125,
        130,
        135,
        140,
        145,
        150,
        155,
        160,
        165,
        170,
        175,
        180,
        185,
        190,
        195,
        200,
        205,
        210,
        215,
        220,
        225,
        230,
        235,
        240,
        245,
        250
    ],
    "losses": [
        11.783501625061035,
        11.783504486083984,
        11.78350830078125,
        11.78349781036377,
        11.78349781036377,
        11.783503532409668,
        11.783506393432617,
        11.783485412597656,
        11.7835054397583,
        11.783501625061035,
        11.783499717712402,
        11.783503532409668,
        11.78349781036377,
        11.783501625061035,
        11.783504486083984,
        11.783506393432617,
        11.783485412597656,
        11.783501625061035,
        11.783499717712402,
        11.78349781036377,
        11.783485412597656,
        11.7835111618042,
        11.783509254455566,
        11.783506393432617,
        11.783501625061035,
        11.783503532409668,
        11.783501625061035,
        11.783500671386719,
        11.783504486083984,
        11.783502578735352,
        11.78349781036377,
        11.783498764038086,
        11.783485412597656,
        11.783504486083984,
        11.783500671386719,
        11.783501625061035,
        11.783503532409668,
        11.783506393432617,
        11.783502578735352,
        11.783503532409668,
        11.783503532409668,
        11.783502578735352,
        11.783502578735352,
        11.7835054397583,
        11.783510208129883,
        11.78350830078125,
        11.783502578735352,
        11.783498764038086,
        11.7835054397583,
        11.783501625061035,
        11.783504486083984
    ],
    "tokens_per_second": [
        1312.9772227595163,
        27112.47340681288,
        27580.932266526597,
        27582.82210277489,
        27610.74035374075,
        27570.05092656463,
        27567.446114918424,
        27624.65748723945,
        27539.560486435275,
        27580.926796511645,
        27537.34943952102,
        27523.010566477038,
        27604.615984831395,
        27481.88404097436,
        27491.91928800956,
        27656.63010633273,
        27523.470095476398,
        26824.743922054717,
        27539.783859177347,
        27532.752821937265,
        27524.94024071254,
        27502.92210060037,
        27503.258630190838,
        27534.7798168804,
        27517.76356703458,
        27493.915038079424,
        27459.324299381937,
        27475.63698912238,
        27550.024056082617,
        27520.076642014723,
        27465.99490715544,
        27456.443819426237,
        27482.488405587927,
        27481.751143742764,
        27448.959666556784,
        27498.349826567766,
        27497.943701075135,
        27459.65770979352,
        27472.820591339907,
        27573.324288049487,
        27450.6576172376,
        27450.93047496885,
        27494.34052400535,
        27467.263536059298,
        27494.982191724157,
        27540.968490777046,
        27486.962549798205,
        27454.06942287836,
        27533.174003691427,
        27459.29628133071,
        27429.73406361517
    ],
    "training_tokens_per_second": [
        58.019744873046875,
        11522.4697265625,
        3832.780029296875,
        7193.35205078125,
        4184.7529296875,
        2361.22412109375,
        4731.42431640625,
        6956.07177734375,
        4559.89501953125,
        2592.4453125,
        2768.525390625,
        6437.2666015625,
        7492.8740234375,
        4452.38720703125,
        3249.899169921875,
        5045.17431640625,
        9032.482421875,
        4792.5654296875,
        4983.517578125,
        2637.6591796875,
        14415.650390625,
        7958.12060546875,
        3127.68994140625,
        3302.0224609375,
        2049.05224609375,
        3877.071533203125,
        6825.9482421875,
        2184.0986328125,
        6185.3037109375,
        3857.9169921875,
        3477.506103515625,
        12169.0498046875,
        14680.5869140625,
        5725.81201171875,
        5200.29150390625,
        14072.763671875,
        4961.1767578125,
        3621.510498046875,
        3473.004638671875,
        3628.42333984375,
        4809.2265625,
        9299.5380859375,
        3007.193603515625,
        3971.218994140625,
        5038.5087890625,
        6344.64306640625,
        7329.4091796875,
        6505.595703125,
        2914.64453125,
        9742.1513671875,
        3696.585205078125
    ],
    "mfus": [
        1.7106276083942134,
        35.32380054855135,
        35.934137609188944,
        35.936599804271715,
        35.97297342146205,
        35.91996072916954,
        35.91656702009415,
        35.99110552031335,
        35.88023590548392,
        35.934130482516494,
        35.877355217358165,
        35.85867365024709,
        35.964994216370954,
        35.80509147932843,
        35.81816601736146,
        36.032761418058996,
        35.85927235293556,
        34.948928850973914,
        35.88052692925259,
        35.87136646080726,
        35.861187748713725,
        35.83250115940473,
        35.83293961088622,
        35.87400735468698,
        35.85183753614556,
        35.82076620349552,
        35.775699258246995,
        35.79695243534212,
        35.893868488601754,
        35.85485115272073,
        35.784390136979944,
        35.77194639151615,
        35.805878882777314,
        35.80491833262832,
        35.76219557611586,
        35.826544119131874,
        35.82601499382176,
        35.7761336458701,
        35.793283058814175,
        35.92422546615902,
        35.76440777086071,
        35.76476326672167,
        35.82132055277079,
        35.786042984866505,
        35.82215655700314,
        35.88207034027686,
        35.81170807347261,
        35.768852881425,
        35.8719152023424,
        35.77566275460388,
        35.737147276259726
    ],