{
    "dataset": "/capstor/store/cscs/ethz/large-sc/datasets/train_data.parquet",
    "tokenizer_name_or_path": "unsloth/Mistral-Nemo-Base-2407-bnb-4bit",
    "sequence_length": 4096,
    "batch_size": 1,
    "fused_optimizer": false,
    "learning_rate": 5e-05,
    "lr_warmup_steps": 100,
    "training_steps": 1000,
    "logging_frequency": 5,
    "profile": false,
    "profile_step_start": 10,
    "profile_step_end": 12,
    "grad_max_norm": 1,
    "model_dtype": "bf16",
    "compile": false,
    "quantization": false,
    "quantization_torchao": true,
    "enable_fsdp_float8_all_gather": true,
    "force_recompute_fp8_weight_in_bwd": true,
    "quantize_optimizer": false,
    "train_steps": [
        1,
        5,
        10,
        15,
        20,
        25,
        30,
        35,
        40,
        45,
        50,
        55,
        60,
        65,
        70,
        75,
        80,
        85,
        90,
        95,
        100,
        105,
        110,
        115,
        120,
        125,
        130,
        135,
        140,
        145,
        150,
        155,
        160,
        165,
        170,
        175,
        180,
        185,
        190,
        195,
        200,
        205,
        210,
        215,
        220,
        225,
        230,
        235,
        240,
        245,
        250
    ],
    "losses": [
        11.783501625061035,
        11.783504486083984,
        11.78350830078125,
        11.78349781036377,
        11.78349781036377,
        11.783503532409668,
        11.783506393432617,
        11.783485412597656,
        11.7835054397583,
        11.783501625061035,
        11.783499717712402,
        11.783503532409668,
        11.78349781036377,
        11.783501625061035,
        11.783504486083984,
        11.783506393432617,
        11.783485412597656,
        11.783501625061035,
        11.783499717712402,
        11.78349781036377,
        11.783485412597656,
        11.7835111618042,
        11.783509254455566,
        11.783506393432617,
        11.783501625061035,
        11.783503532409668,
        11.783501625061035,
        11.783500671386719,
        11.783504486083984,
        11.783502578735352,
        11.78349781036377,
        11.783498764038086,
        11.783485412597656,
        11.783504486083984,
        11.783500671386719,
        11.783501625061035,
        11.783503532409668,
        11.783506393432617,
        11.783502578735352,
        11.783503532409668,
        11.783503532409668,
        11.783502578735352,
        11.783502578735352,
        11.7835054397583,
        11.783510208129883,
        11.78350830078125,
        11.783502578735352,
        11.783498764038086,
        11.7835054397583,
        11.783501625061035,
        11.783504486083984
    ],
    "tokens_per_second": [
        5729.082234215476,
        11356.838295759597,
        15354.98884380516,
        15280.680909637587,
        15277.895249430163,
        15341.49803347477,
        14687.31417826968,
        15348.516554389877,
        15310.272539004536,
        15215.711630064192,
        15218.939448562947,
        15243.878960435064,
        15235.978046353455,
        14650.129932041276,
        15322.842660107823,
        15269.088568017334,
        15214.236095553797,
        15291.44628911358,
        15237.353312515363,
        15214.347399457605,
        14895.003614094978,
        15246.929994440648,
        15087.58112191032,
        15336.175893839792,
        15298.719493391522,
        15255.629751259548,
        15062.69090303415,
        14845.03918138592,
        15268.778410636973,
        15301.504736613993,
        15310.13552027625,
        15324.078775301004,
        15293.518882219927,
        15363.658088687629,
        14848.108524197425,
        15332.302451694633,
        15364.841495849358,
        15292.372107879224,
        15300.002248919563,
        15261.195373910998,
        15227.327441493231,
        14775.113281784028,
        15253.817159469503,
        15300.394942532681,
        15238.455470723507,
        14954.843986447167,
        14255.406936180541,
        13740.13765141716,
        14137.07215765979,
        14078.010656776234,
        14072.675554223399
    ],
    "training_tokens_per_second": [
        253.16500854492188,
        4826.517578125,
        2133.8037109375,
        3985.064208984375,
        2315.555908203125,
        1313.9154052734375,
        2520.79638671875,
        3864.8583984375,
        2535.016357421875,
        1430.187744140625,
        1530.068115234375,
        3565.340576171875,
        4135.5859375,
        2373.49267578125,
        1811.3575439453125,
        2785.41552734375,
        4992.9140625,
        2732.001953125,
        2757.30615234375,
        1457.54638671875,
        7800.96728515625,
        4411.78271484375,
        1715.770263671875,
        1839.1429443359375,
        1139.186767578125,
        2151.2822265625,
        3744.34375,
        1180.0645751953125,
        3428.019775390625,
        2145.0498046875,
        1938.4366455078125,
        6791.8291015625,
        8169.4873046875,
        3201.011962890625,
        2813.0205078125,
        7846.5751953125,
        2772.12353515625,
        2016.830810546875,
        1934.165283203125,
        2008.248046875,
        2667.75634765625,
        5005.35791015625,
        1668.38623046875,
        2212.13232421875,
        2792.4765625,
        3445.163818359375,
        3801.209716796875,
        3255.902587890625,
        1496.5416259765625,
        4994.6689453125,
        1896.512939453125
    ],
    "mfus": [
        7.464201260104277,
        14.796388540514188,
        20.005425370283994,
        19.908612416101413,
        19.904983086379755,
        19.987848711518907,
        19.13553768564473,
        19.996992872925027,
        19.947166213756855,
        19.82396643640791,
        19.82817183718954,
        19.860664569590988,
        19.850370772009985,
        19.087091759018563,
        19.96354334188018,
        19.89350919932217,
        19.822044019151264,
        19.92263821565624,
        19.852162553485453,
        19.822189032733736,
        19.406128276811174,
        19.864639644644562,
        19.65703011723481,
        19.980914700145743,
        19.932114194236576,
        19.87597422375436,
        19.624601606785056,
        19.341031535947515,
        19.89310510718059,
        19.93574298068455,
        19.946987697316956,
        19.965153828901553,
        19.92533851763195,
        20.016720196563398,
        19.345030464841308,
        19.975868141105593,
        20.01826201231445,
        19.9238444293768,
        19.933785447159355,
        19.883225459800524,
        19.839100231099835,
        19.249927766341063,
        19.873612667510233,
        19.93429707258941,
        19.853598513094646,
        19.48409200022376,
        18.572822324116785,
        17.90149775808871,
        18.41864848495043,
        18.341699523267554,
        18.334748623006455
    ],