{
    "dataset": "/capstor/store/cscs/ethz/large-sc/datasets/train_data.parquet",
    "tokenizer_name_or_path": "unsloth/Mistral-Nemo-Base-2407-bnb-4bit",
    "sequence_length": 4096,
    "batch_size": 1,
    "fused_optimizer": false,
    "learning_rate": 5e-05,
    "lr_warmup_steps": 100,
    "training_steps": 1000,
    "logging_frequency": 5,
    "profile": false,
    "profile_step_start": 10,
    "profile_step_end": 12,
    "grad_max_norm": 1,
    "model_dtype": "bf16",
    "compile": true,
    "quantization": false,
    "quantization_torchao": true,
    "enable_fsdp_float8_all_gather": false,
    "force_recompute_fp8_weight_in_bwd": true,
    "quantize_optimizer": false,
    "train_steps": [
        1,
        5,
        10,
        15,
        20,
        25,
        30,
        35,
        40,
        45,
        50,
        55,
        60,
        65,
        70,
        75,
        80,
        85,
        90,
        95,
        100,
        105,
        110,
        115,
        120,
        125,
        130,
        135,
        140,
        145,
        150,
        155,
        160,
        165,
        170,
        175,
        180,
        185,
        190,
        195,
        200,
        205,
        210,
        215,
        220,
        225,
        230,
        235,
        240,
        245,
        250
    ],
    "losses": [
        11.783501625061035,
        11.783504486083984,
        11.78350830078125,
        11.78349781036377,
        11.78349781036377,
        11.783503532409668,
        11.783506393432617,
        11.783485412597656,
        11.7835054397583,
        11.783501625061035,
        11.783499717712402,
        11.783503532409668,
        11.78349781036377,
        11.783501625061035,
        11.783504486083984,
        11.783506393432617,
        11.783485412597656,
        11.783501625061035,
        11.783499717712402,
        11.78349781036377,
        11.783485412597656,
        11.7835111618042,
        11.783509254455566,
        11.783506393432617,
        11.783501625061035,
        11.783503532409668,
        11.783501625061035,
        11.783500671386719,
        11.783504486083984,
        11.783502578735352,
        11.78349781036377,
        11.783498764038086,
        11.783485412597656,
        11.783504486083984,
        11.783500671386719,
        11.783501625061035,
        11.783503532409668,
        11.783506393432617,
        11.783502578735352,
        11.783503532409668,
        11.783503532409668,
        11.783502578735352,
        11.783502578735352,
        11.7835054397583,
        11.783510208129883,
        11.78350830078125,
        11.783502578735352,
        11.783498764038086,
        11.7835054397583,
        11.783501625061035,
        11.783504486083984
    ],
    "tokens_per_second": [
        1178.8520347470317,
        12643.075807529252,
        30445.7163068391,
        30484.891882672604,
        30528.78098186737,
        30522.764354159146,
        30503.357676927353,
        30522.795662697234,
        30631.79843999037,
        30394.066308067337,
        30516.056752508197,
        30558.071042950265,
        30482.40364741418,
        30469.84680852742,
        29606.17137618985,
        30543.096139779627,
        30540.379799348735,
        30556.980233250357,
        30505.620171580988,
        30509.092398656776,
        30470.831282884214,
        30519.565056342046,
        30491.232648378013,
        30536.555395456988,
        30520.76101797611,
        30533.86608561473,
        30550.67477175138,
        30564.45614485524,
        30424.516552037363,
        30527.41097468967,
        30518.650400687853,
        30572.296342712685,
        30517.223585131254,
        30558.9583682857,
        30535.15570175367,
        30504.610764149413,
        30578.962569947544,
        30579.929427659645,
        30484.15194268461,
        30452.984044600824,
        30491.644114117815,
        30423.479398871503,
        30521.196900324503,
        30460.008551653926,
        30508.447358536167,
        28044.978653678136,
        30338.711541765788,
        30438.383332723275,
        30430.94662111682,
        30361.543751575602,
        30408.080369511732
    ],
    "training_tokens_per_second": [
        52.09282684326172,
        5373.15283203125,
        4230.88427734375,
        7950.18603515625,
        4627.0185546875,
        2614.10791015625,
        5235.3173828125,
        7685.8427734375,
        5071.89599609375,
        2856.8642578125,
        3067.996337890625,
        7147.126953125,
        8274.0078125,
        4936.47265625,
        3499.8310546875,
        5571.72900390625,
        10022.5537109375,
        5459.37451171875,
        5520.2060546875,
        2922.794677734375,
        15958.5029296875,
        8831.0029296875,
        3467.484375,
        3662.0009765625,
        2272.6640625,
        4305.75244140625,
        7594.408203125,
        2429.635498046875,
        6830.66015625,
        4279.50146484375,
        3864.007080078125,
        13550.03515625,
        16301.6806640625,
        6366.947265625,
        5784.98046875,
        15611.271484375,
        5517.0537109375,
        4033.02685546875,
        3853.684814453125,
        4007.36279296875,
        5341.9931640625,
        10306.5478515625,
        3338.255859375,
        4403.91015625,
        5590.732421875,
        6460.75244140625,
        8089.82958984375,
        7212.76708984375,
        3221.401123046875,
        10771.8251953125,
        4097.9638671875
    ],
    "mfus": [
        1.535881051014486,
        16.472178006199726,
        39.666554734556904,
        39.717595088063334,
        39.774776510169296,
        39.766937676952146,
        39.741653462356155,
        39.76697846764426,
        39.908994000737344,
        39.59926193439179,
        39.75819860031675,
        39.812937406086924,
        39.714353261887325,
        39.69799343865391,
        38.57274388090202,
        39.79342717974584,
        39.78988816409932,
        39.81151623201336,
        39.74460117976607,
        39.74912501109802,
        39.69927607249195,
        39.762769434671526,
        39.72585622823089,
        39.78490549511659,
        39.76432760716252,
        39.78140169658608,
        39.80330108834077,
        39.8212563101865,
        39.63893438804486,
        39.77299158042241,
        39.76157776494023,
        39.83147100293039,
        39.7597188217378,
        39.814093468195324,
        39.783081887935374,
        39.74328606158227,
        39.84015617442775,
        39.841415856215846,
        39.71663104866487,
        39.67602359102317,
        39.726392311144,
        39.63758312100923,
        39.76489550153742,
        39.68517555153863,
        39.74828461309286,
        36.53872582875351,
        39.5271423348662,
        39.65700088414981,
        39.64731187814944,
        39.556889544325955,
        39.61752031694174
    ],