{
    "dataset": "/capstor/store/cscs/ethz/large-sc/datasets/train_data.parquet",
    "tokenizer_name_or_path": "unsloth/Mistral-Nemo-Base-2407-bnb-4bit",
    "sequence_length": 4096,
    "batch_size": 1,
    "fused_optimizer": false,
    "learning_rate": 5e-05,
    "lr_warmup_steps": 100,
    "training_steps": 1000,
    "logging_frequency": 5,
    "profile": false,
    "profile_step_start": 10,
    "profile_step_end": 12,
    "grad_max_norm": 1,
    "model_dtype": "bf16",
    "compile": false,
    "quantization": false,
    "quantization_torchao": true,
    "enable_fsdp_float8_all_gather": true,
    "force_recompute_fp8_weight_in_bwd": false,
    "quantize_optimizer": true,
    "train_steps": [
        1,
        5,
        10,
        15,
        20,
        25,
        30,
        35,
        40,
        45,
        50,
        55,
        60,
        65,
        70,
        75,
        80,
        85,
        90,
        95,
        100,
        105,
        110,
        115,
        120,
        125,
        130,
        135,
        140,
        145,
        150,
        155,
        160,
        165,
        170,
        175,
        180,
        185,
        190,
        195,
        200,
        205,
        210,
        215,
        220,
        225,
        230,
        235,
        240,
        245,
        250
    ],
    "losses": [
        11.783501625061035,
        11.783504486083984,
        11.78350830078125,
        11.78349781036377,
        11.78349781036377,
        11.783503532409668,
        11.783506393432617,
        11.783485412597656,
        11.7835054397583,
        11.783501625061035,
        11.783499717712402,
        11.783503532409668,
        11.78349781036377,
        11.783501625061035,
        11.783504486083984,
        11.783506393432617,
        11.783485412597656,
        11.783501625061035,
        11.783499717712402,
        11.78349781036377,
        11.783485412597656,
        11.7835111618042,
        11.783509254455566,
        11.783506393432617,
        11.783501625061035,
        11.783503532409668,
        11.783501625061035,
        11.783500671386719,
        11.783504486083984,
        11.783502578735352,
        11.78349781036377,
        11.783498764038086,
        11.783485412597656,
        11.783504486083984,
        11.783500671386719,
        11.783501625061035,
        11.783503532409668,
        11.783506393432617,
        11.783502578735352,
        11.783503532409668,
        11.783503532409668,
        11.783502578735352,
        11.783502578735352,
        11.7835054397583,
        11.783510208129883,
        11.78350830078125,
        11.783502578735352,
        11.783498764038086,
        11.7835054397583,
        11.783501625061035,
        11.783504486083984
    ],
    "tokens_per_second": [
        376.4711256325907,
        13648.66395471691,
        16005.559087137319,
        16237.882253653743,
        16200.831567527674,
        16191.34023348351,
        16196.253576075056,
        16222.481810482079,
        16167.734510997305,
        16191.906644900873,
        16227.681306762517,
        16240.806011889952,
        14801.199319996378,
        16129.699042056176,
        16179.876279294942,
        16193.058533359941,
        16157.64254767369,
        16152.021475888829,
        16180.48078010216,
        16206.655441424948,
        16177.411350998484,
        16180.640621324348,
        16197.9857464053,
        16185.014862546477,
        16178.89479526125,
        16196.954594544393,
        16182.293427865245,
        16181.790290026198,
        16182.390090842066,
        16183.129635008918,
        16238.18660874994,
        16197.994051424912,
        16228.540674213804,
        16181.260696763668,
        16226.288051272402,
        14829.603665038947,
        16241.673564934736,
        16227.097895907888,
        16214.156766109001,
        16159.434060938074,
        16214.846536065745,
        16187.09473437102,
        16159.432795540964,
        16168.080248431312,
        16200.106368542374,
        16214.939422275967,
        16196.012497569485,
        16210.030442241236,
        16205.75068911573,
        16201.963106276935,
        16061.971455811981
    ],
    "training_tokens_per_second": [
        16.63605308532715,
        5800.515625,
        2224.2099609375,
        4234.69384765625,
        2455.4384765625,
        1386.6998291015625,
        2779.77685546875,
        4084.9287109375,
        2676.99169921875,
        1521.9443359375,
        1631.484130859375,
        3798.5087890625,
        4017.57177734375,
        2613.2001953125,
        1912.6700439453125,
        2953.96826171875,
        5302.515625,
        2885.754150390625,
        2927.9716796875,
        1552.6102294921875,
        8472.603515625,
        4681.95654296875,
        1842.04638671875,
        1940.9373779296875,
        1204.727294921875,
        2284.023681640625,
        4022.6591796875,
        1286.325927734375,
        3633.13623046875,
        2268.640869140625,
        2055.938232421875,
        7179.15966796875,
        8668.95703125,
        3371.359375,
        3074.120849609375,
        7589.310546875,
        2930.321533203125,
        2140.107177734375,
        2049.729248046875,
        2126.448974609375,
        2840.764892578125,
        5483.69482421875,
        1767.43798828125,
        2337.582275390625,
        2968.701171875,
        3735.453369140625,
        4318.67333984375,
        3841.17578125,
        1715.5306396484375,
        5748.2158203125,
        2164.601806640625
    ],
    "mfus": [
        0.4904897740090582,
        17.782320191025928,
        20.853028360002856,
        21.15571329301129,
        21.107441376714068,
        21.095075482032122,
        21.101476887434217,
        21.135648646942574,
        21.064320492607305,
        21.09581343771898,
        21.142422870998313,
        21.159522545352026,
        19.283914263887368,
        21.014765540593615,
        21.080139536307858,
        21.097314188962578,
        21.051172061099866,
        21.04384858250689,
        21.080927117198215,
        21.1150290783922,
        21.076928075877667,
        21.08113536818909,
        21.103733665646352,
        21.086834399117155,
        21.078860798446964,
        21.102390217480504,
        21.083288746367465,
        21.082633227396244,
        21.083414684848343,
        21.08437820854663,
        21.156109825579623,
        21.10374448593751,
        21.14354250785297,
        21.081943240669588,
        21.140607651917872,
        19.320921194385413,
        21.16065284690214,
        21.141662767397378,
        21.12480226629039,
        21.053506154942273,
        21.125700941081536,
        21.08954418425532,
        21.053504506304968,
        21.06477094063459,
        21.106496542802002,
        21.125821958958234,
        21.101162795506134,
        21.119426237363903,
        21.113850311348813,
        21.108915615102138,
        20.92652586905101
    ],