{
    "dataset": "/capstor/store/cscs/ethz/large-sc/datasets/train_data.parquet",
    "tokenizer_name_or_path": "unsloth/Mistral-Nemo-Base-2407-bnb-4bit",
    "sequence_length": 4096,
    "batch_size": 1,
    "fused_optimizer": false,
    "learning_rate": 5e-05,
    "lr_warmup_steps": 100,
    "training_steps": 1000,
    "logging_frequency": 5,
    "profile": false,
    "profile_step_start": 10,
    "profile_step_end": 12,
    "grad_max_norm": 1,
    "model_dtype": "bf16",
    "compile": false,
    "quantization": false,
    "quantization_torchao": false,
    "enable_fsdp_float8_all_gather": false,
    "force_recompute_fp8_weight_in_bwd": false,
    "quantize_optimizer": false,
    "train_steps": [
        1,
        5,
        10,
        15,
        20,
        25,
        30,
        35,
        40,
        45,
        50,
        55,
        60,
        65,
        70,
        75,
        80,
        85,
        90,
        95,
        100,
        105,
        110,
        115,
        120,
        125,
        130,
        135,
        140,
        145,
        150,
        155,
        160,
        165,
        170,
        175,
        180,
        185,
        190,
        195,
        200,
        205,
        210,
        215,
        220,
        225,
        230,
        235,
        240,
        245,
        250
    ],
    "losses": [
        11.783501625061035,
        11.783504486083984,
        11.78350830078125,
        11.78349781036377,
        11.78349781036377,
        11.783503532409668,
        11.783506393432617,
        11.783485412597656,
        11.7835054397583,
        11.783501625061035,
        11.783499717712402,
        11.783503532409668,
        11.78349781036377,
        11.783501625061035,
        11.783504486083984,
        11.783506393432617,
        11.783485412597656,
        11.783501625061035,
        11.783499717712402,
        11.78349781036377,
        11.783485412597656,
        11.7835111618042,
        11.783509254455566,
        11.783506393432617,
        11.783501625061035,
        11.783503532409668,
        11.783501625061035,
        11.783500671386719,
        11.783504486083984,
        11.783502578735352,
        11.78349781036377,
        11.783498764038086,
        11.783485412597656,
        11.783504486083984,
        11.783500671386719,
        11.783501625061035,
        11.783503532409668,
        11.783506393432617,
        11.783502578735352,
        11.783503532409668,
        11.783503532409668,
        11.783502578735352,
        11.783502578735352,
        11.7835054397583,
        11.783510208129883,
        11.78350830078125,
        11.783502578735352,
        11.783498764038086,
        11.7835054397583,
        11.783501625061035,
        11.783504486083984
    ],
    "tokens_per_second": [
        7009.248168437171,
        10697.804145638953,
        9851.548505533481,
        10257.02310682383,
        10265.336424677218,
        8774.036374784024,
        10264.865760872948,
        10327.840666718323,
        10573.053211365634,
        8823.934392212423,
        10302.185779534046,
        10464.447711192292,
        10657.167555759026,
        8845.65426885142,
        10193.817311978886,
        10314.256505895813,
        10554.109193348035,
        8746.83874980233,
        10254.34751658244,
        10450.395660323597,
        10560.843890715834,
        8755.327414247093,
        10169.266491118344,
        10370.541527368314,
        10560.540801457742,
        8779.449337558306,
        10103.169417228895,
        10605.239315644414,
        10644.028441058597,
        8762.797130173027,
        10135.999519998088,
        10421.559311413821,
        10596.535236656528,
        8690.747365619827,
        10122.52757149589,
        10391.995607487666,
        10549.306512193389,
        8652.833295647151,
        10177.41449343961,
        10334.62290043416,
        10560.93276538364,
        8683.057095860147,
        10153.157102908566,
        10383.723136792434,
        10511.841481978476,
        8750.749803077882,
        10157.845062007913,
        10311.112417003778,
        10539.754237434747,
        8745.12735505548,
        10172.836984673739
    ],
    "training_tokens_per_second": [
        309.73486328125,
        4546.43603515625,
        1369.0189208984375,
        2674.939453125,
        1555.840087890625,
        751.4482421875,
        1761.7677001953125,
        2600.618896484375,
        1750.645751953125,
        829.398193359375,
        1035.751953125,
        2447.495361328125,
        2892.734130859375,
        1433.0997314453125,
        1205.0406494140625,
        1881.5460205078125,
        3463.58251953125,
        1562.7286376953125,
        1855.5963134765625,
        1001.1560668945312,
        5531.03564453125,
        2533.40185546875,
        1156.4561767578125,
        1243.65478515625,
        786.368408203125,
        1238.03955078125,
        2511.486083984375,
        843.03369140625,
        2389.708984375,
        1228.4176025390625,
        1283.3323974609375,
        4618.96923828125,
        5660.4541015625,
        1810.7137451171875,
        1917.7445068359375,
        5318.2861328125,
        1903.3050537109375,
        1141.1768798828125,
        1286.5882568359375,
        1359.95166015625,
        1850.225830078125,
        2941.55517578125,
        1110.5015869140625,
        1501.279541015625,
        1926.3154296875,
        2015.9197998046875,
        2708.59326171875,
        2443.35107421875,
        1115.7318115234375,
        3102.641357421875,
        1370.94873046875
    ],
    "mfus": [
        9.13208030053642,
        13.937758251634094,
        12.83520427230365,
        13.36348156108412,
        13.374312663704067,
        11.431355091001212,
        13.37369945390583,
        13.455747040648207,
        13.775225049502527,
        11.496365301945891,
        13.422322273221223,
        13.633727113514336,
        13.884814399025974,
        11.524663295228285,
        13.281133157929782,
        13.43804875911137,
        13.750543615831718,
        11.395920349735361,
        13.359995637294785,
        13.615419236002166,
        13.75931799443619,
        11.406979904696328,
        13.249146836122526,
        13.511380352379652,
        13.758923111079714,
        11.43840743235519,
        13.163031496519203,
        13.817159088899054,
        13.867695950992905,
        11.416711910757261,
        13.205804576820906,
        13.57784946425344,
        13.805818878601245,
        11.322841039057016,
        13.188252492407523,
        13.539332049582542,
        13.744286386966634,
        11.273444253097896,
        13.259762555483388,
        13.464583352535254,
        13.759433785828303,
        11.312821681874825,
        13.228158532785422,
        13.528554165156525,
        13.695474637665866,
        11.401015910873124,
        13.234266294689707,
        13.43395244641932,
        13.73184109496777,
        11.393690639233096,
        13.253798695077561
    ],