{
    "dataset": "/capstor/store/cscs/ethz/large-sc/datasets/train_data.parquet",
    "tokenizer_name_or_path": "unsloth/Mistral-Nemo-Base-2407-bnb-4bit",
    "sequence_length": 4096,
    "batch_size": 1,
    "fused_optimizer": false,
    "learning_rate": 5e-05,
    "lr_warmup_steps": 100,
    "training_steps": 1000,
    "logging_frequency": 5,
    "profile": false,
    "profile_step_start": 10,
    "profile_step_end": 12,
    "grad_max_norm": 1,
    "model_dtype": "bf16",
    "compile": true,
    "quantization": false,
    "quantization_torchao": true,
    "enable_fsdp_float8_all_gather": false,
    "force_recompute_fp8_weight_in_bwd": false,
    "quantize_optimizer": true,
    "train_steps": [
        1,
        5,
        10,
        15,
        20,
        25,
        30,
        35,
        40,
        45,
        50,
        55,
        60,
        65,
        70,
        75,
        80,
        85,
        90,
        95,
        100,
        105,
        110,
        115,
        120,
        125,
        130,
        135,
        140,
        145,
        150,
        155,
        160,
        165,
        170,
        175,
        180,
        185,
        190,
        195,
        200,
        205,
        210,
        215,
        220,
        225,
        230,
        235,
        240,
        245,
        250
    ],
    "losses": [
        11.783501625061035,
        11.783504486083984,
        11.78350830078125,
        11.78349781036377,
        11.78349781036377,
        11.783503532409668,
        11.783506393432617,
        11.783485412597656,
        11.7835054397583,
        11.783501625061035,
        11.783499717712402,
        11.783503532409668,
        11.78349781036377,
        11.783501625061035,
        11.783504486083984,
        11.783506393432617,
        11.783485412597656,
        11.783501625061035,
        11.783499717712402,
        11.78349781036377,
        11.783485412597656,
        11.7835111618042,
        11.783509254455566,
        11.783506393432617,
        11.783501625061035,
        11.783503532409668,
        11.783501625061035,
        11.783500671386719,
        11.783504486083984,
        11.783502578735352,
        11.78349781036377,
        11.783498764038086,
        11.783485412597656,
        11.783504486083984,
        11.783500671386719,
        11.783501625061035,
        11.783503532409668,
        11.783506393432617,
        11.783502578735352,
        11.783503532409668,
        11.783503532409668,
        11.783502578735352,
        11.783502578735352,
        11.7835054397583,
        11.783510208129883,
        11.78350830078125,
        11.783502578735352,
        11.783498764038086,
        11.7835054397583,
        11.783501625061035,
        11.783504486083984
    ],
    "tokens_per_second": [
        322.67683897597516,
        22481.56096885824,
        31371.382000021807,
        31390.848987402198,
        31435.339003271052,
        31418.724485775514,
        31457.20507845969,
        31427.266813670376,
        31476.69303144584,
        31492.383387658472,
        31448.285637119097,
        31433.326955835382,
        31439.18400395109,
        31459.273570551086,
        31487.478509649663,
        31455.768029550214,
        31448.554522311188,
        31458.84136139955,
        31464.487137089716,
        31469.11056198074,
        31469.57207709087,
        31446.405174336276,
        31502.69892432046,
        31451.716104737156,
        31490.659155123012,
        31453.741362325814,
        31417.12976122746,
        31432.206196482162,
        31440.233730741824,
        31469.179175428642,
        31435.315600812188,
        31426.166304799754,
        31419.90996103304,
        31453.455915397724,
        31463.601333452847,
        31490.874279273085,
        31474.64832198976,
        31411.562017772583,
        31452.705079971416,
        31451.49136024157,
        31478.89735017782,
        31479.129610621527,
        31428.468753069345,
        31472.79448519501,
        27870.171101052565,
        31408.13645106223,
        31438.373752710373,
        31444.813578143956,
        31462.528309071648,
        31364.688411962627,
        31467.163145641738
    ],
    "training_tokens_per_second": [
        14.25891399383545,
        9554.388671875,
        4359.51904296875,
        8186.451171875,
        4764.4189453125,
        2690.842041015625,
        5399.02685546875,
        7913.59423828125,
        5211.79052734375,
        2960.099365234375,
        3161.7197265625,
        7351.837890625,
        8533.7119140625,
        5096.77099609375,
        3722.225830078125,
        5738.22021484375,
        10320.5927734375,
        5620.5029296875,
        5693.72021484375,
        3014.765380859375,
        16481.57421875,
        9099.189453125,
        3582.509033203125,
        3771.748779296875,
        2344.885498046875,
        4435.46923828125,
        7809.794921875,
        2498.61474609375,
        7058.70068359375,
        4411.52392578125,
        3980.06689453125,
        13928.4814453125,
        16783.876953125,
        6553.31494140625,
        5960.8779296875,
        16116.0087890625,
        5678.65380859375,
        4142.70654296875,
        3976.125732421875,
        4138.75830078125,
        5514.955078125,
        10664.169921875,
        3437.48876953125,
        4550.33935546875,
        5107.26318359375,
        7235.52685546875,
        8383.0546875,
        7451.25390625,
        3330.603515625,
        11127.7265625,
        4240.69189453125
    ],
    "mfus": [
        0.42040326349421914,
        29.290362548940056,
        40.87256902288835,
        40.897931813261174,
        40.95589614662807,
        40.93424972974028,
        40.98438461638712,
        40.945379200749834,
        41.00977472204267,
        41.0302170846805,
        40.972763818749364,
        40.953274727281865,
        40.960905650375395,
        40.987079575307924,
        41.02382670745824,
        40.98251234054215,
        40.9731141389416,
        40.98651646660017,
        40.9938721309628,
        40.99989581372502,
        41.000497104040946,
        40.97031383599483,
        41.04365680130583,
        40.977233243287294,
        41.0279706483164,
        40.97987187363458,
        40.93217202436018,
        40.951814532955,
        40.962273299104076,
        40.9999852075517,
        40.955865656463004,
        40.94394538999917,
        40.93579423993394,
        40.97949997579244,
        40.99271805141703,
        41.02825092531128,
        41.00711074860422,
        40.924918025200654,
        40.97852174114576,
        40.97694043231364,
        41.01264664427808,
        41.01294924749194,
        40.9469451614412,
        41.00469545582718,
        36.31097578062347,
        40.92045498586718,
        40.95985000514555,
        40.96824020642929,
        40.9913200491523,
        40.86384820402358,
        40.99735859975299
    ],